name,date,PX_LAST
TFT1 N:02_0_R Comdty,2015-03-23,13.35835
TFT1 N:02_0_R Comdty,2015-03-24,13.38267
TFT1 N:02_0_R Comdty,2015-03-25,13.36137
TFT1 N:02_0_R Comdty,2015-03-26,13.30364
TFT1 N:02_0_R Comdty,2015-03-27,13.28502
TFT1 N:02_0_R Comdty,2015-03-30,13.26281
TFT1 N:02_0_R Comdty,2015-03-31,13.22207
TFT1 N:02_0_R Comdty,2015-04-01,13.25797
TFT1 N:02_0_R Comdty,2015-04-02,13.3052
TFT1 N:02_0_R Comdty,2015-04-03,13.2945
TFT1 N:02_0_R Comdty,2015-04-07,13.2705
TFT1 N:02_0_R Comdty,2015-04-08,13.15512
TFT1 N:02_0_R Comdty,2015-04-09,13.15714
TFT1 N:02_0_R Comdty,2015-04-10,13.12823
TFT1 N:02_0_R Comdty,2015-04-13,13.17459
TFT1 N:02_0_R Comdty,2015-04-14,13.20036
TFT1 N:02_0_R Comdty,2015-04-15,13.25996
TFT1 N:02_0_R Comdty,2015-04-16,13.30949
TFT1 N:02_0_R Comdty,2015-04-17,13.31031
TFT1 N:02_0_R Comdty,2015-04-20,13.439
TFT1 N:02_0_R Comdty,2015-04-21,13.46616
TFT1 N:02_0_R Comdty,2015-04-22,13.48187
TFT1 N:02_0_R Comdty,2015-04-23,13.44564
TFT1 N:02_0_R Comdty,2015-04-24,13.41633
TFT1 N:02_0_R Comdty,2015-04-27,13.46991
TFT1 N:02_0_R Comdty,2015-04-28,13.49075
TFT1 N:02_0_R Comdty,2015-04-29,13.49829
TFT1 N:02_0_R Comdty,2015-04-30,13.5456
TFT1 N:02_0_R Comdty,2015-05-04,13.46747
TFT1 N:02_0_R Comdty,2015-05-05,13.46239
TFT1 N:02_0_R Comdty,2015-05-06,13.43177
TFT1 N:02_0_R Comdty,2015-05-07,13.4177
TFT1 N:02_0_R Comdty,2015-05-08,13.45061
TFT1 N:02_0_R Comdty,2015-05-11,13.42559
TFT1 N:02_0_R Comdty,2015-05-12,13.38181
TFT1 N:02_0_R Comdty,2015-05-13,13.43307
TFT1 N:02_0_R Comdty,2015-05-14,13.41751
TFT1 N:02_0_R Comdty,2015-05-15,13.41806
TFT1 N:02_0_R Comdty,2015-05-18,13.37283
TFT1 N:02_0_R Comdty,2015-05-19,13.3272
TFT1 N:02_0_R Comdty,2015-05-20,13.37266
TFT1 N:02_0_R Comdty,2015-05-21,13.37169
TFT1 N:02_0_R Comdty,2015-05-22,13.36863
TFT1 N:02_0_R Comdty,2015-05-25,13.33276
TFT1 N:02_0_R Comdty,2015-05-26,13.19677
TFT1 N:02_0_R Comdty,2015-05-27,13.2404
TFT1 N:02_0_R Comdty,2015-05-28,13.12261
TFT1 N:02_0_R Comdty,2015-05-29,13.13651
TFT1 N:02_0_R Comdty,2015-06-01,13.0142
TFT1 N:02_0_R Comdty,2015-06-02,13.09421
TFT1 N:02_0_R Comdty,2015-06-03,13.14517
TFT1 N:02_0_R Comdty,2015-06-04,13.11272
TFT1 N:02_0_R Comdty,2015-06-05,13.16745
TFT1 N:02_0_R Comdty,2015-06-08,13.19055
TFT1 N:02_0_R Comdty,2015-06-09,13.18977
TFT1 N:02_0_R Comdty,2015-06-10,13.12767
TFT1 N:02_0_R Comdty,2015-06-11,13.10944
TFT1 N:02_0_R Comdty,2015-06-12,13.05777
TFT1 N:02_0_R Comdty,2015-06-15,13.00674
TFT1 N:02_0_R Comdty,2015-06-16,13.11422
TFT1 N:02_0_R Comdty,2015-06-17,13.09794
TFT1 N:02_0_R Comdty,2015-06-18,13.14856
TFT1 N:02_0_R Comdty,2015-06-19,13.10555
TFT1 N:02_0_R Comdty,2015-06-23,13.10346
TFT1 N:02_0_R Comdty,2015-06-24,13.09691
TFT1 N:02_0_R Comdty,2015-06-25,13.07709
TFT1 N:02_0_R Comdty,2015-06-26,13.06929
TFT1 N:02_0_R Comdty,2015-06-29,13.03249
TFT1 N:02_0_R Comdty,2015-06-30,13.09717
TFT1 N:02_0_R Comdty,2015-07-01,13.08479
TFT1 N:02_0_R Comdty,2015-07-02,13.0692
TFT1 N:02_0_R Comdty,2015-07-03,13.14478
TFT1 N:02_0_R Comdty,2015-07-06,13.23332
TFT1 N:02_0_R Comdty,2015-07-07,13.27362
TFT1 N:02_0_R Comdty,2015-07-08,13.20085
TFT1 N:02_0_R Comdty,2015-07-09,13.27445
TFT1 N:02_0_R Comdty,2015-07-10,13.22209
TFT1 N:02_0_R Comdty,2015-07-13,13.21087
TFT1 N:02_0_R Comdty,2015-07-14,13.19953
TFT1 N:02_0_R Comdty,2015-07-15,13.16344
TFT1 N:02_0_R Comdty,2015-07-16,13.20642
TFT1 N:02_0_R Comdty,2015-07-17,13.21592
TFT1 N:02_0_R Comdty,2015-07-20,13.20752
TFT1 N:02_0_R Comdty,2015-07-21,13.19241
TFT1 N:02_0_R Comdty,2015-07-22,13.19846
TFT1 N:02_0_R Comdty,2015-07-23,13.2197
TFT1 N:02_0_R Comdty,2015-07-24,13.23141
TFT1 N:02_0_R Comdty,2015-07-27,13.23756
TFT1 N:02_0_R Comdty,2015-07-28,13.25344
TFT1 N:02_0_R Comdty,2015-07-29,13.26744
TFT1 N:02_0_R Comdty,2015-07-30,13.24398
TFT1 N:02_0_R Comdty,2015-07-31,13.18397
TFT1 N:02_0_R Comdty,2015-08-03,13.19779
TFT1 N:02_0_R Comdty,2015-08-04,13.20632
TFT1 N:02_0_R Comdty,2015-08-05,13.18492
TFT1 N:02_0_R Comdty,2015-08-06,13.2113
TFT1 N:02_0_R Comdty,2015-08-07,13.2192
TFT1 N:02_0_R Comdty,2015-08-10,13.19702
TFT1 N:02_0_R Comdty,2015-08-11,12.90113
TFT1 N:02_0_R Comdty,2015-08-12,12.78184
TFT1 N:02_0_R Comdty,2015-08-13,12.76124
TFT1 N:02_0_R Comdty,2015-08-14,12.78314
TFT1 N:02_0_R Comdty,2015-08-17,12.74258
TFT1 N:02_0_R Comdty,2015-08-18,12.78342
TFT1 N:02_0_R Comdty,2015-08-19,12.77857
TFT1 N:02_0_R Comdty,2015-08-20,12.79804
TFT1 N:02_0_R Comdty,2015-08-21,12.80701
TFT1 N:02_0_R Comdty,2015-08-24,12.8064
TFT1 N:02_0_R Comdty,2015-08-25,12.82949
TFT1 N:02_0_R Comdty,2015-08-26,12.87552
TFT1 N:02_0_R Comdty,2015-08-27,12.94284
TFT1 N:02_0_R Comdty,2015-08-28,12.98162
TFT1 N:02_0_R Comdty,2015-08-31,13.05894
TFT1 N:02_0_R Comdty,2015-09-01,13.10829
TFT1 N:02_0_R Comdty,2015-09-02,13.08641
TFT1 N:02_0_R Comdty,2015-09-07,13.04639
TFT1 N:02_0_R Comdty,2015-09-08,13.04153
TFT1 N:02_0_R Comdty,2015-09-09,13.00381
TFT1 N:02_0_R Comdty,2015-09-10,13.02219
TFT1 N:02_0_R Comdty,2015-09-11,13.01372
TFT1 N:02_0_R Comdty,2015-09-14,13.03943
TFT1 N:02_0_R Comdty,2015-09-15,13.06707
TFT1 N:02_0_R Comdty,2015-09-16,13.04836
TFT1 N:02_0_R Comdty,2015-09-17,13.03136
TFT1 N:02_0_R Comdty,2015-09-18,13.04842
TFT1 N:02_0_R Comdty,2015-09-21,13.04268
TFT1 N:02_0_R Comdty,2015-09-22,12.99983
TFT1 N:02_0_R Comdty,2015-09-23,12.99934
TFT1 N:02_0_R Comdty,2015-09-24,13.02725
TFT1 N:02_0_R Comdty,2015-09-25,13.06758
TFT1 N:02_0_R Comdty,2015-09-28,13.11868
TFT1 N:02_0_R Comdty,2015-09-29,13.17089
TFT1 N:02_0_R Comdty,2015-09-30,13.17716
TFT1 N:02_0_R Comdty,2015-10-08,13.18321
TFT1 N:02_0_R Comdty,2015-10-09,13.31198
TFT1 N:02_0_R Comdty,2015-10-12,13.3766
TFT1 N:02_0_R Comdty,2015-10-13,13.39124
TFT1 N:02_0_R Comdty,2015-10-14,13.3909
TFT1 N:02_0_R Comdty,2015-10-15,13.38745
TFT1 N:02_0_R Comdty,2015-10-16,13.30055
TFT1 N:02_0_R Comdty,2015-10-19,13.29279
TFT1 N:02_0_R Comdty,2015-10-20,13.4277
TFT1 N:02_0_R Comdty,2015-10-21,13.42211
TFT1 N:02_0_R Comdty,2015-10-22,13.42878
TFT1 N:02_0_R Comdty,2015-10-23,13.46794
TFT1 N:02_0_R Comdty,2015-10-26,13.45234
TFT1 N:02_0_R Comdty,2015-10-27,13.52496
TFT1 N:02_0_R Comdty,2015-10-28,13.47471
TFT1 N:02_0_R Comdty,2015-10-29,13.40275
TFT1 N:02_0_R Comdty,2015-10-30,13.47889
TFT1 N:02_0_R Comdty,2015-11-02,13.43105
TFT1 N:02_0_R Comdty,2015-11-03,13.4125
TFT1 N:02_0_R Comdty,2015-11-04,13.36683
TFT1 N:02_0_R Comdty,2015-11-05,13.38523
TFT1 N:02_0_R Comdty,2015-11-06,13.32497
TFT1 N:02_0_R Comdty,2015-11-09,13.18866
TFT1 N:02_0_R Comdty,2015-11-10,13.22324
TFT1 N:02_0_R Comdty,2015-11-11,13.26391
TFT1 N:02_0_R Comdty,2015-11-12,13.25408
TFT1 N:02_0_R Comdty,2015-11-13,13.24098
TFT1 N:02_0_R Comdty,2015-11-16,13.28112
TFT1 N:02_0_R Comdty,2015-11-17,13.29622
TFT1 N:02_0_R Comdty,2015-11-18,13.22714
TFT1 N:02_0_R Comdty,2015-11-19,13.2615
TFT1 N:02_0_R Comdty,2015-11-20,13.30734
TFT1 N:02_0_R Comdty,2015-11-23,13.26217
TFT1 N:02_0_R Comdty,2015-11-24,13.32621
TFT1 N:02_0_R Comdty,2015-11-25,13.34115
TFT1 N:02_0_R Comdty,2015-11-26,13.37714
TFT1 N:02_0_R Comdty,2015-11-27,13.35379
TFT1 N:02_0_R Comdty,2015-11-30,13.40376
TFT1 N:02_0_R Comdty,2015-12-01,13.35747
TFT1 N:02_0_R Comdty,2015-12-02,13.37126
TFT1 N:02_0_R Comdty,2015-12-03,13.42165
TFT1 N:02_0_R Comdty,2015-12-04,13.38471
TFT1 N:02_0_R Comdty,2015-12-07,13.36996
TFT1 N:02_0_R Comdty,2015-12-08,13.38512
TFT1 N:02_0_R Comdty,2015-12-09,13.36343
TFT1 N:02_0_R Comdty,2015-12-10,13.33325
TFT1 N:02_0_R Comdty,2015-12-11,13.3048
TFT1 N:02_0_R Comdty,2015-12-14,13.25448
TFT1 N:02_0_R Comdty,2015-12-15,13.28165
TFT1 N:02_0_R Comdty,2015-12-16,13.26455
TFT1 N:02_0_R Comdty,2015-12-17,13.24368
TFT1 N:02_0_R Comdty,2015-12-18,13.29864
TFT1 N:02_0_R Comdty,2015-12-21,13.3308
TFT1 N:02_0_R Comdty,2015-12-22,13.3455
TFT1 N:02_0_R Comdty,2015-12-23,13.3665
TFT1 N:02_0_R Comdty,2015-12-24,13.40371
TFT1 N:02_0_R Comdty,2015-12-25,13.43178
TFT1 N:02_0_R Comdty,2015-12-28,13.40496
TFT1 N:02_0_R Comdty,2015-12-29,13.39441
TFT1 N:02_0_R Comdty,2015-12-30,13.36049
TFT1 N:02_0_R Comdty,2015-12-31,13.35374
TFT1 N:02_0_R Comdty,2016-01-04,13.24496
TFT1 N:02_0_R Comdty,2016-01-05,13.23046
TFT1 N:02_0_R Comdty,2016-01-06,13.21842
TFT1 N:02_0_R Comdty,2016-01-07,13.10868
TFT1 N:02_0_R Comdty,2016-01-08,13.15739
TFT1 N:02_0_R Comdty,2016-01-11,13.2022
TFT1 N:02_0_R Comdty,2016-01-12,13.26222
TFT1 N:02_0_R Comdty,2016-01-13,13.26802
TFT1 N:02_0_R Comdty,2016-01-14,13.19536
TFT1 N:02_0_R Comdty,2016-01-15,13.253
TFT1 N:02_0_R Comdty,2016-01-18,13.19652
TFT1 N:02_0_R Comdty,2016-01-19,13.18518
TFT1 N:02_0_R Comdty,2016-01-20,13.17771
TFT1 N:02_0_R Comdty,2016-01-21,13.21124
TFT1 N:02_0_R Comdty,2016-01-22,13.20686
TFT1 N:02_0_R Comdty,2016-01-25,13.14447
TFT1 N:02_0_R Comdty,2016-01-26,13.14577
TFT1 N:02_0_R Comdty,2016-01-27,13.12522
TFT1 N:02_0_R Comdty,2016-01-28,13.15905
TFT1 N:02_0_R Comdty,2016-01-29,13.21537
TFT1 N:02_0_R Comdty,2016-02-01,13.20278
TFT1 N:02_0_R Comdty,2016-02-02,13.15768
TFT1 N:02_0_R Comdty,2016-02-03,13.17179
TFT1 N:02_0_R Comdty,2016-02-04,13.2205
TFT1 N:02_0_R Comdty,2016-02-05,13.21386
TFT1 N:02_0_R Comdty,2016-02-15,13.41686
TFT1 N:02_0_R Comdty,2016-02-16,13.33622
TFT1 N:02_0_R Comdty,2016-02-17,13.32196
TFT1 N:02_0_R Comdty,2016-02-18,13.35789
TFT1 N:02_0_R Comdty,2016-02-19,13.33922
TFT1 N:02_0_R Comdty,2016-02-22,13.33508
TFT1 N:02_0_R Comdty,2016-02-23,13.31946
TFT1 N:02_0_R Comdty,2016-02-24,13.31578
TFT1 N:02_0_R Comdty,2016-02-25,13.30661
TFT1 N:02_0_R Comdty,2016-02-26,13.32251
TFT1 N:02_0_R Comdty,2016-02-29,13.29627
TFT1 N:02_0_R Comdty,2016-03-01,13.29009
TFT1 N:02_0_R Comdty,2016-03-02,13.26557
TFT1 N:02_0_R Comdty,2016-03-03,13.27866
TFT1 N:02_0_R Comdty,2016-03-04,13.33858
TFT1 N:02_0_R Comdty,2016-03-07,13.28438
TFT1 N:02_0_R Comdty,2016-03-08,13.32
TFT1 N:02_0_R Comdty,2016-03-09,13.3396
TFT1 N:02_0_R Comdty,2016-03-10,13.37959
TFT1 N:02_0_R Comdty,2016-03-11,13.48156
TFT1 N:02_0_R Comdty,2016-03-14,13.43168
TFT1 N:02_0_R Comdty,2016-03-15,13.42254
TFT1 N:02_0_R Comdty,2016-03-16,13.43005
TFT1 N:02_0_R Comdty,2016-03-17,13.49978
TFT1 N:02_0_R Comdty,2016-03-18,13.50078
TFT1 N:02_0_R Comdty,2016-03-21,13.45649
TFT1 N:02_0_R Comdty,2016-03-22,13.45912
TFT1 N:02_0_R Comdty,2016-03-23,13.43336
TFT1 N:02_0_R Comdty,2016-03-24,13.43088
TFT1 N:02_0_R Comdty,2016-03-25,13.41855
TFT1 N:02_0_R Comdty,2016-03-28,13.45352
TFT1 N:02_0_R Comdty,2016-03-29,13.44695
TFT1 N:02_0_R Comdty,2016-03-30,13.53282
TFT1 N:02_0_R Comdty,2016-03-31,13.55594
TFT1 N:02_0_R Comdty,2016-04-01,13.5119
TFT1 N:02_0_R Comdty,2016-04-05,13.4826
TFT1 N:02_0_R Comdty,2016-04-06,13.47126
TFT1 N:02_0_R Comdty,2016-04-07,13.48865
TFT1 N:02_0_R Comdty,2016-04-08,13.51716
TFT1 N:02_0_R Comdty,2016-04-11,13.5316
TFT1 N:02_0_R Comdty,2016-04-12,13.52009
TFT1 N:02_0_R Comdty,2016-04-13,13.4634
TFT1 N:02_0_R Comdty,2016-04-14,13.41808
TFT1 N:02_0_R Comdty,2016-04-15,13.46143
TFT1 N:02_0_R Comdty,2016-04-18,13.46761
TFT1 N:02_0_R Comdty,2016-04-19,13.51783
TFT1 N:02_0_R Comdty,2016-04-20,13.45711
TFT1 N:02_0_R Comdty,2016-04-21,13.42139
TFT1 N:02_0_R Comdty,2016-04-22,13.39315
TFT1 N:02_0_R Comdty,2016-04-25,13.37641
TFT1 N:02_0_R Comdty,2016-04-26,13.42053
TFT1 N:02_0_R Comdty,2016-04-27,13.39662
TFT1 N:02_0_R Comdty,2016-04-28,13.48473
TFT1 N:02_0_R Comdty,2016-04-29,13.47187
TFT1 N:02_0_R Comdty,2016-05-03,13.47092
TFT1 N:02_0_R Comdty,2016-05-04,13.47887
TFT1 N:02_0_R Comdty,2016-05-05,13.4542
TFT1 N:02_0_R Comdty,2016-05-06,13.46399
TFT1 N:02_0_R Comdty,2016-05-09,13.4777
TFT1 N:02_0_R Comdty,2016-05-10,13.48065
TFT1 N:02_0_R Comdty,2016-05-11,13.54016
TFT1 N:02_0_R Comdty,2016-05-12,13.51448
TFT1 N:02_0_R Comdty,2016-05-13,13.47689
TFT1 N:02_0_R Comdty,2016-05-16,13.48969
TFT1 N:02_0_R Comdty,2016-05-17,13.47589
TFT1 N:02_0_R Comdty,2016-05-18,13.39706
TFT1 N:02_0_R Comdty,2016-05-19,13.38968
TFT1 N:02_0_R Comdty,2016-05-20,13.38912
TFT1 N:02_0_R Comdty,2016-05-23,13.36974
TFT1 N:02_0_R Comdty,2016-05-24,13.38617
TFT1 N:02_0_R Comdty,2016-05-25,13.38299
TFT1 N:02_0_R Comdty,2016-05-26,13.38107
TFT1 N:02_0_R Comdty,2016-05-27,13.3429
TFT1 N:02_0_R Comdty,2016-05-30,13.30132
TFT1 N:02_0_R Comdty,2016-05-31,13.32351
TFT1 N:02_0_R Comdty,2016-06-01,13.33581
TFT1 N:02_0_R Comdty,2016-06-02,13.30935
TFT1 N:02_0_R Comdty,2016-06-03,13.35976
TFT1 N:02_0_R Comdty,2016-06-06,13.35356
TFT1 N:02_0_R Comdty,2016-06-07,13.33601
TFT1 N:02_0_R Comdty,2016-06-08,13.34125
TFT1 N:02_0_R Comdty,2016-06-13,13.32962
TFT1 N:02_0_R Comdty,2016-06-14,13.34114
TFT1 N:02_0_R Comdty,2016-06-15,13.37379
TFT1 N:02_0_R Comdty,2016-06-16,13.39738
TFT1 N:02_0_R Comdty,2016-06-17,13.40472
TFT1 N:02_0_R Comdty,2016-06-20,13.42353
TFT1 N:02_0_R Comdty,2016-06-21,13.41089
TFT1 N:02_0_R Comdty,2016-06-22,13.44577
TFT1 N:02_0_R Comdty,2016-06-23,13.45546
TFT1 N:02_0_R Comdty,2016-06-24,13.37224
TFT1 N:02_0_R Comdty,2016-06-27,13.37176
TFT1 N:02_0_R Comdty,2016-06-28,13.3372
TFT1 N:02_0_R Comdty,2016-06-29,13.36229
TFT1 N:02_0_R Comdty,2016-06-30,13.34645
TFT1 N:02_0_R Comdty,2016-07-01,13.37554
TFT1 N:02_0_R Comdty,2016-07-04,13.32264
TFT1 N:02_0_R Comdty,2016-07-05,13.28173
TFT1 N:02_0_R Comdty,2016-07-06,13.28595
TFT1 N:02_0_R Comdty,2016-07-07,13.33207
TFT1 N:02_0_R Comdty,2016-07-08,13.32824
TFT1 N:02_0_R Comdty,2016-07-11,13.28065
TFT1 N:02_0_R Comdty,2016-07-12,13.27669
TFT1 N:02_0_R Comdty,2016-07-13,13.27047
TFT1 N:02_0_R Comdty,2016-07-14,13.28397
TFT1 N:02_0_R Comdty,2016-07-15,13.30057
TFT1 N:02_0_R Comdty,2016-07-18,13.27444
TFT1 N:02_0_R Comdty,2016-07-19,13.2895
TFT1 N:02_0_R Comdty,2016-07-20,13.37208
TFT1 N:02_0_R Comdty,2016-07-21,13.37601
TFT1 N:02_0_R Comdty,2016-07-22,13.38632
TFT1 N:02_0_R Comdty,2016-07-25,13.35541
TFT1 N:02_0_R Comdty,2016-07-26,13.39507
TFT1 N:02_0_R Comdty,2016-07-27,13.3856
TFT1 N:02_0_R Comdty,2016-07-28,13.4477
TFT1 N:02_0_R Comdty,2016-07-29,13.47306
TFT1 N:02_0_R Comdty,2016-08-01,13.4531
TFT1 N:02_0_R Comdty,2016-08-02,13.50304
TFT1 N:02_0_R Comdty,2016-08-03,13.50183
TFT1 N:02_0_R Comdty,2016-08-04,13.48943
TFT1 N:02_0_R Comdty,2016-08-05,13.49187
TFT1 N:02_0_R Comdty,2016-08-08,13.48041
TFT1 N:02_0_R Comdty,2016-08-09,13.5106
TFT1 N:02_0_R Comdty,2016-08-10,13.55903
TFT1 N:02_0_R Comdty,2016-08-11,13.5767
TFT1 N:02_0_R Comdty,2016-08-12,13.5937
TFT1 N:02_0_R Comdty,2016-08-15,13.61288
TFT1 N:02_0_R Comdty,2016-08-16,13.61616
TFT1 N:02_0_R Comdty,2016-08-17,13.59055
TFT1 N:02_0_R Comdty,2016-08-18,13.5967
TFT1 N:02_0_R Comdty,2016-08-19,13.52621
TFT1 N:02_0_R Comdty,2016-08-22,13.53958
TFT1 N:02_0_R Comdty,2016-08-23,13.52013
TFT1 N:02_0_R Comdty,2016-08-24,13.48476
TFT1 N:02_0_R Comdty,2016-08-25,13.47793
TFT1 N:02_0_R Comdty,2016-08-26,13.48348
TFT1 N:02_0_R Comdty,2016-08-29,13.45055
TFT1 N:02_0_R Comdty,2016-08-30,13.40375
TFT1 N:02_0_R Comdty,2016-08-31,13.40919
TFT1 N:02_0_R Comdty,2016-09-01,13.43824
TFT1 N:02_0_R Comdty,2016-09-02,13.41481
TFT1 N:02_0_R Comdty,2016-09-05,13.41951
TFT1 N:02_0_R Comdty,2016-09-06,13.38907
TFT1 N:02_0_R Comdty,2016-09-07,13.42601
TFT1 N:02_0_R Comdty,2016-09-08,13.43981
TFT1 N:02_0_R Comdty,2016-09-09,13.4086
TFT1 N:02_0_R Comdty,2016-09-12,13.39212
TFT1 N:02_0_R Comdty,2016-09-13,13.42505
TFT1 N:02_0_R Comdty,2016-09-14,13.46633
TFT1 N:02_0_R Comdty,2016-09-19,13.4784
TFT1 N:02_0_R Comdty,2016-09-20,13.47854
TFT1 N:02_0_R Comdty,2016-09-21,13.48207
TFT1 N:02_0_R Comdty,2016-09-22,13.49254
TFT1 N:02_0_R Comdty,2016-09-23,13.48943
TFT1 N:02_0_R Comdty,2016-09-26,13.51821
TFT1 N:02_0_R Comdty,2016-09-27,13.50227
TFT1 N:02_0_R Comdty,2016-09-28,13.48629
TFT1 N:02_0_R Comdty,2016-09-29,13.50785
TFT1 N:02_0_R Comdty,2016-09-30,13.50415
TFT1 N:02_0_R Comdty,2016-10-10,13.46652
TFT1 N:02_0_R Comdty,2016-10-11,13.42022
TFT1 N:02_0_R Comdty,2016-10-12,13.39168
TFT1 N:02_0_R Comdty,2016-10-13,13.40821
TFT1 N:02_0_R Comdty,2016-10-14,13.41521
TFT1 N:02_0_R Comdty,2016-10-17,13.40205
TFT1 N:02_0_R Comdty,2016-10-18,13.41116
TFT1 N:02_0_R Comdty,2016-10-19,13.438
TFT1 N:02_0_R Comdty,2016-10-20,13.44717
TFT1 N:02_0_R Comdty,2016-10-21,13.40814
TFT1 N:02_0_R Comdty,2016-10-24,13.3561
TFT1 N:02_0_R Comdty,2016-10-25,13.3406
TFT1 N:02_0_R Comdty,2016-10-26,13.30144
TFT1 N:02_0_R Comdty,2016-10-27,13.30796
TFT1 N:02_0_R Comdty,2016-10-28,13.3238
TFT1 N:02_0_R Comdty,2016-10-31,13.30722
TFT1 N:02_0_R Comdty,2016-11-01,13.33454
TFT1 N:02_0_R Comdty,2016-11-02,13.36102
TFT1 N:02_0_R Comdty,2016-11-03,13.36706
TFT1 N:02_0_R Comdty,2016-11-04,13.36336
TFT1 N:02_0_R Comdty,2016-11-07,13.27821
TFT1 N:02_0_R Comdty,2016-11-08,13.27464
TFT1 N:02_0_R Comdty,2016-11-09,13.24386
TFT1 N:02_0_R Comdty,2016-11-10,13.17832
TFT1 N:02_0_R Comdty,2016-11-11,13.20109
TFT1 N:02_0_R Comdty,2016-11-14,13.10244
TFT1 N:02_0_R Comdty,2016-11-15,13.08574
TFT1 N:02_0_R Comdty,2016-11-16,13.03782
TFT1 N:02_0_R Comdty,2016-11-17,13.00236
TFT1 N:02_0_R Comdty,2016-11-18,12.96912
TFT1 N:02_0_R Comdty,2016-11-21,12.97017
TFT1 N:02_0_R Comdty,2016-11-22,12.98688
TFT1 N:02_0_R Comdty,2016-11-23,12.97125
TFT1 N:02_0_R Comdty,2016-11-24,12.95023
TFT1 N:02_0_R Comdty,2016-11-25,12.95047
TFT1 N:02_0_R Comdty,2016-11-28,12.97055
TFT1 N:02_0_R Comdty,2016-11-29,12.93537
TFT1 N:02_0_R Comdty,2016-11-30,12.89228
TFT1 N:02_0_R Comdty,2016-12-01,12.84118
TFT1 N:02_0_R Comdty,2016-12-02,12.8522
TFT1 N:02_0_R Comdty,2016-12-05,12.861
TFT1 N:02_0_R Comdty,2016-12-06,12.76938
TFT1 N:02_0_R Comdty,2016-12-07,12.77311
TFT1 N:02_0_R Comdty,2016-12-08,12.7242
TFT1 N:02_0_R Comdty,2016-12-09,12.71723
TFT1 N:02_0_R Comdty,2016-12-12,12.63747
TFT1 N:02_0_R Comdty,2016-12-13,12.59624
TFT1 N:02_0_R Comdty,2016-12-14,12.59318
TFT1 N:02_0_R Comdty,2016-12-15,12.28623
TFT1 N:02_0_R Comdty,2016-12-16,12.35951
TFT1 N:02_0_R Comdty,2016-12-19,12.22722
TFT1 N:02_0_R Comdty,2016-12-20,12.27659
TFT1 N:02_0_R Comdty,2016-12-21,12.47649
TFT1 N:02_0_R Comdty,2016-12-22,12.5411
TFT1 N:02_0_R Comdty,2016-12-23,12.51905
TFT1 N:02_0_R Comdty,2016-12-26,12.51501
TFT1 N:02_0_R Comdty,2016-12-27,12.44066
TFT1 N:02_0_R Comdty,2016-12-28,12.44467
TFT1 N:02_0_R Comdty,2016-12-29,12.6292
TFT1 N:02_0_R Comdty,2016-12-30,12.61912
TFT1 N:02_0_R Comdty,2017-01-03,12.60287
TFT1 N:02_0_R Comdty,2017-01-04,12.6561
TFT1 N:02_0_R Comdty,2017-01-05,12.73475
TFT1 N:02_0_R Comdty,2017-01-06,12.62175
TFT1 N:02_0_R Comdty,2017-01-09,12.66308
TFT1 N:02_0_R Comdty,2017-01-10,12.68033
TFT1 N:02_0_R Comdty,2017-01-11,12.65297
TFT1 N:02_0_R Comdty,2017-01-12,12.74747
TFT1 N:02_0_R Comdty,2017-01-13,12.72074
TFT1 N:02_0_R Comdty,2017-01-16,12.65205
TFT1 N:02_0_R Comdty,2017-01-17,12.69404
TFT1 N:02_0_R Comdty,2017-01-18,12.70548
TFT1 N:02_0_R Comdty,2017-01-19,12.6748
TFT1 N:02_0_R Comdty,2017-01-20,12.72555
TFT1 N:02_0_R Comdty,2017-01-23,12.75918
TFT1 N:02_0_R Comdty,2017-01-24,12.69391
TFT1 N:02_0_R Comdty,2017-01-25,12.57252
TFT1 N:02_0_R Comdty,2017-01-26,12.54194
TFT1 N:02_0_R Comdty,2017-02-03,12.53797
TFT1 N:02_0_R Comdty,2017-02-06,12.51735
TFT1 N:02_0_R Comdty,2017-02-07,12.48182
TFT1 N:02_0_R Comdty,2017-02-08,12.50372
TFT1 N:02_0_R Comdty,2017-02-09,12.55117
TFT1 N:02_0_R Comdty,2017-02-10,12.54813
TFT1 N:02_0_R Comdty,2017-02-13,12.58139
TFT1 N:02_0_R Comdty,2017-02-14,12.57233
TFT1 N:02_0_R Comdty,2017-02-15,12.58892
TFT1 N:02_0_R Comdty,2017-02-16,12.64641
TFT1 N:02_0_R Comdty,2017-02-17,12.66775
TFT1 N:02_0_R Comdty,2017-02-20,12.74499
TFT1 N:02_0_R Comdty,2017-02-21,12.68898
TFT1 N:02_0_R Comdty,2017-02-22,12.72006
TFT1 N:02_0_R Comdty,2017-02-23,12.74645
TFT1 N:02_0_R Comdty,2017-02-24,12.77582
TFT1 N:02_0_R Comdty,2017-02-27,12.76
TFT1 N:02_0_R Comdty,2017-02-28,12.78825
TFT1 N:02_0_R Comdty,2017-03-01,12.6881
TFT1 N:02_0_R Comdty,2017-03-02,12.6465
TFT1 N:02_0_R Comdty,2017-03-03,12.6122
TFT1 N:02_0_R Comdty,2017-03-06,12.62491
TFT1 N:02_0_R Comdty,2017-03-07,12.64049
TFT1 N:02_0_R Comdty,2017-03-08,12.5647
TFT1 N:02_0_R Comdty,2017-03-09,12.53803
TFT1 N:02_0_R Comdty,2017-03-10,12.56335
TFT1 N:02_0_R Comdty,2017-03-13,12.64536
TFT1 N:02_0_R Comdty,2017-03-14,12.67962
TFT1 N:02_0_R Comdty,2017-03-15,12.69694
TFT1 N:02_0_R Comdty,2017-03-16,12.78894
TFT1 N:02_0_R Comdty,2017-03-17,12.80784
TFT1 N:02_0_R Comdty,2017-03-20,12.80381
TFT1 N:02_0_R Comdty,2017-03-21,12.82187
TFT1 N:02_0_R Comdty,2017-03-22,12.85618
TFT1 N:02_0_R Comdty,2017-03-23,12.85856
TFT1 N:02_0_R Comdty,2017-03-24,12.95513
TFT1 N:02_0_R Comdty,2017-03-27,12.98302
TFT1 N:02_0_R Comdty,2017-03-28,12.8992
TFT1 N:02_0_R Comdty,2017-03-29,12.90694
TFT1 N:02_0_R Comdty,2017-03-30,12.85961
TFT1 N:02_0_R Comdty,2017-03-31,12.9008
TFT1 N:02_0_R Comdty,2017-04-05,12.82756
TFT1 N:02_0_R Comdty,2017-04-06,12.84937
TFT1 N:02_0_R Comdty,2017-04-07,12.88344
TFT1 N:02_0_R Comdty,2017-04-10,12.8469
TFT1 N:02_0_R Comdty,2017-04-11,12.87576
TFT1 N:02_0_R Comdty,2017-04-12,12.86094
TFT1 N:02_0_R Comdty,2017-04-13,12.88656
TFT1 N:02_0_R Comdty,2017-04-14,12.86232
TFT1 N:02_0_R Comdty,2017-04-17,12.80552
TFT1 N:02_0_R Comdty,2017-04-18,12.81429
TFT1 N:02_0_R Comdty,2017-04-19,12.80842
TFT1 N:02_0_R Comdty,2017-04-20,12.82141
TFT1 N:02_0_R Comdty,2017-04-21,12.73999
TFT1 N:02_0_R Comdty,2017-04-24,12.70314
TFT1 N:02_0_R Comdty,2017-04-25,12.7644
TFT1 N:02_0_R Comdty,2017-04-26,12.73984
TFT1 N:02_0_R Comdty,2017-04-27,12.77692
TFT1 N:02_0_R Comdty,2017-04-28,12.74298
TFT1 N:02_0_R Comdty,2017-05-02,12.73413
TFT1 N:02_0_R Comdty,2017-05-03,12.71359
TFT1 N:02_0_R Comdty,2017-05-04,12.66873
TFT1 N:02_0_R Comdty,2017-05-05,12.6428
TFT1 N:02_0_R Comdty,2017-05-08,12.59995
TFT1 N:02_0_R Comdty,2017-05-09,12.57232
TFT1 N:02_0_R Comdty,2017-05-10,12.50122
TFT1 N:02_0_R Comdty,2017-05-11,12.58731
TFT1 N:02_0_R Comdty,2017-05-12,12.5689
TFT1 N:02_0_R Comdty,2017-05-15,12.62921
TFT1 N:02_0_R Comdty,2017-05-16,12.62857
TFT1 N:02_0_R Comdty,2017-05-17,12.6366
TFT1 N:02_0_R Comdty,2017-05-18,12.6522
TFT1 N:02_0_R Comdty,2017-05-19,12.64442
TFT1 N:02_0_R Comdty,2017-05-22,12.59841
TFT1 N:02_0_R Comdty,2017-05-23,12.57985
TFT1 N:02_0_R Comdty,2017-05-24,12.59075
TFT1 N:02_0_R Comdty,2017-05-25,12.62125
TFT1 N:02_0_R Comdty,2017-05-26,12.59599
TFT1 N:02_0_R Comdty,2017-05-31,12.72421
TFT1 N:02_0_R Comdty,2017-06-01,12.759
TFT1 N:02_0_R Comdty,2017-06-02,12.75175
TFT1 N:02_0_R Comdty,2017-06-05,12.82683
TFT1 N:02_0_R Comdty,2017-06-06,12.80959
TFT1 N:02_0_R Comdty,2017-06-07,12.81945
TFT1 N:02_0_R Comdty,2017-06-08,12.79402
TFT1 N:02_0_R Comdty,2017-06-09,12.81677
TFT1 N:02_0_R Comdty,2017-06-12,12.85733
TFT1 N:02_0_R Comdty,2017-06-13,12.86581
TFT1 N:02_0_R Comdty,2017-06-14,12.91073
TFT1 N:02_0_R Comdty,2017-06-15,12.8486
TFT1 N:02_0_R Comdty,2017-06-16,12.85212
TFT1 N:02_0_R Comdty,2017-06-19,12.91105
TFT1 N:02_0_R Comdty,2017-06-20,12.89696
TFT1 N:02_0_R Comdty,2017-06-21,12.84375
TFT1 N:02_0_R Comdty,2017-06-22,12.81424
TFT1 N:02_0_R Comdty,2017-06-23,12.81813
TFT1 N:02_0_R Comdty,2017-06-26,12.85055
TFT1 N:02_0_R Comdty,2017-06-27,12.89488
TFT1 N:02_0_R Comdty,2017-06-28,12.88274
TFT1 N:02_0_R Comdty,2017-06-29,12.87728
TFT1 N:02_0_R Comdty,2017-06-30,12.90073
TFT1 N:02_0_R Comdty,2017-07-03,12.82656
TFT1 N:02_0_R Comdty,2017-07-04,12.79797
TFT1 N:02_0_R Comdty,2017-07-05,12.84635
TFT1 N:02_0_R Comdty,2017-07-06,12.86677
TFT1 N:02_0_R Comdty,2017-07-07,12.84286
TFT1 N:02_0_R Comdty,2017-07-10,12.82718
TFT1 N:02_0_R Comdty,2017-07-11,12.84847
TFT1 N:02_0_R Comdty,2017-07-12,12.88199
TFT1 N:02_0_R Comdty,2017-07-13,12.88547
TFT1 N:02_0_R Comdty,2017-07-14,12.91905
TFT1 N:02_0_R Comdty,2017-07-17,12.91237
TFT1 N:02_0_R Comdty,2017-07-18,12.92391
TFT1 N:02_0_R Comdty,2017-07-19,12.91972
TFT1 N:02_0_R Comdty,2017-07-20,12.95282
TFT1 N:02_0_R Comdty,2017-07-21,12.93647
TFT1 N:02_0_R Comdty,2017-07-24,12.93831
TFT1 N:02_0_R Comdty,2017-07-25,12.91368
TFT1 N:02_0_R Comdty,2017-07-26,12.88776
TFT1 N:02_0_R Comdty,2017-07-27,12.92995
TFT1 N:02_0_R Comdty,2017-07-28,12.93121
TFT1 N:02_0_R Comdty,2017-07-31,12.90659
TFT1 N:02_0_R Comdty,2017-08-01,12.89079
TFT1 N:02_0_R Comdty,2017-08-02,12.91106
TFT1 N:02_0_R Comdty,2017-08-03,12.91747
TFT1 N:02_0_R Comdty,2017-08-04,12.91921
TFT1 N:02_0_R Comdty,2017-08-07,12.87796
TFT1 N:02_0_R Comdty,2017-08-08,12.91218
TFT1 N:02_0_R Comdty,2017-08-09,12.96231
TFT1 N:02_0_R Comdty,2017-08-10,13.03586
TFT1 N:02_0_R Comdty,2017-08-11,13.04731
TFT1 N:02_0_R Comdty,2017-08-14,13.05736
TFT1 N:02_0_R Comdty,2017-08-15,13.04634
TFT1 N:02_0_R Comdty,2017-08-16,13.02915
TFT1 N:02_0_R Comdty,2017-08-17,13.05385
TFT1 N:02_0_R Comdty,2017-08-18,13.05727
TFT1 N:02_0_R Comdty,2017-08-21,13.04878
TFT1 N:02_0_R Comdty,2017-08-22,13.03454
TFT1 N:02_0_R Comdty,2017-08-23,13.03364
TFT1 N:02_0_R Comdty,2017-08-24,13.01159
TFT1 N:02_0_R Comdty,2017-08-25,13.03184
TFT1 N:02_0_R Comdty,2017-08-28,13.0531
TFT1 N:02_0_R Comdty,2017-08-29,13.10145
TFT1 N:02_0_R Comdty,2017-08-30,13.12666
TFT1 N:02_0_R Comdty,2017-08-31,13.14262
TFT1 N:02_0_R Comdty,2017-09-01,13.2014
TFT1 N:02_0_R Comdty,2017-09-04,13.26431
TFT1 N:02_0_R Comdty,2017-09-05,13.22051
TFT1 N:02_0_R Comdty,2017-09-06,13.25909
TFT1 N:02_0_R Comdty,2017-09-07,13.36962
TFT1 N:02_0_R Comdty,2017-09-08,13.41401
TFT1 N:02_0_R Comdty,2017-09-11,13.31304
TFT1 N:02_0_R Comdty,2017-09-12,13.32267
TFT1 N:02_0_R Comdty,2017-09-13,13.26058
TFT1 N:02_0_R Comdty,2017-09-14,13.30084
TFT1 N:02_0_R Comdty,2017-09-15,13.32388
TFT1 N:02_0_R Comdty,2017-09-18,13.23351
TFT1 N:02_0_R Comdty,2017-09-19,13.23428
TFT1 N:02_0_R Comdty,2017-09-20,13.2326
TFT1 N:02_0_R Comdty,2017-09-21,13.21897
TFT1 N:02_0_R Comdty,2017-09-22,13.21128
TFT1 N:02_0_R Comdty,2017-09-25,13.16052
TFT1 N:02_0_R Comdty,2017-09-26,13.129
TFT1 N:02_0_R Comdty,2017-09-27,13.10995
TFT1 N:02_0_R Comdty,2017-09-28,13.09342
TFT1 N:02_0_R Comdty,2017-09-29,13.11574
TFT1 N:02_0_R Comdty,2017-10-09,13.11325
TFT1 N:02_0_R Comdty,2017-10-10,13.18475
TFT1 N:02_0_R Comdty,2017-10-11,13.18519
TFT1 N:02_0_R Comdty,2017-10-12,13.17011
TFT1 N:02_0_R Comdty,2017-10-13,13.17119
TFT1 N:02_0_R Comdty,2017-10-16,13.09248
TFT1 N:02_0_R Comdty,2017-10-17,13.02266
TFT1 N:02_0_R Comdty,2017-10-18,13.00381
TFT1 N:02_0_R Comdty,2017-10-19,13.04393
TFT1 N:02_0_R Comdty,2017-10-20,13.0105
TFT1 N:02_0_R Comdty,2017-10-23,12.99538
TFT1 N:02_0_R Comdty,2017-10-24,12.97731
TFT1 N:02_0_R Comdty,2017-10-25,12.9019
TFT1 N:02_0_R Comdty,2017-10-26,12.89819
TFT1 N:02_0_R Comdty,2017-10-27,12.83956
TFT1 N:02_0_R Comdty,2017-10-30,12.72604
TFT1 N:02_0_R Comdty,2017-10-31,12.78536
TFT1 N:02_0_R Comdty,2017-11-01,12.86925
TFT1 N:02_0_R Comdty,2017-11-02,12.83513
TFT1 N:02_0_R Comdty,2017-11-03,12.80723
TFT1 N:02_0_R Comdty,2017-11-06,12.85034
TFT1 N:02_0_R Comdty,2017-11-07,12.77957
TFT1 N:02_0_R Comdty,2017-11-08,12.81836
TFT1 N:02_0_R Comdty,2017-11-09,12.7726
TFT1 N:02_0_R Comdty,2017-11-10,12.7504
TFT1 N:02_0_R Comdty,2017-11-13,12.6827
TFT1 N:02_0_R Comdty,2017-11-14,12.70692
TFT1 N:02_0_R Comdty,2017-11-15,12.74601
TFT1 N:02_0_R Comdty,2017-11-16,12.77135
TFT1 N:02_0_R Comdty,2017-11-17,12.78283
TFT1 N:02_0_R Comdty,2017-11-20,12.7009
TFT1 N:02_0_R Comdty,2017-11-21,12.72294
TFT1 N:02_0_R Comdty,2017-11-22,12.70885
TFT1 N:02_0_R Comdty,2017-11-23,12.74542
TFT1 N:02_0_R Comdty,2017-11-24,12.78074
TFT1 N:02_0_R Comdty,2017-11-27,12.76923
TFT1 N:02_0_R Comdty,2017-11-28,12.73118
TFT1 N:02_0_R Comdty,2017-11-29,12.74256
TFT1 N:02_0_R Comdty,2017-11-30,12.78517
TFT1 N:02_0_R Comdty,2017-12-01,12.8242
TFT1 N:02_0_R Comdty,2017-12-04,12.77552
TFT1 N:02_0_R Comdty,2017-12-05,12.76689
TFT1 N:02_0_R Comdty,2017-12-06,12.77705
TFT1 N:02_0_R Comdty,2017-12-07,12.75452
TFT1 N:02_0_R Comdty,2017-12-08,12.7328
TFT1 N:02_0_R Comdty,2017-12-11,12.71341
TFT1 N:02_0_R Comdty,2017-12-12,12.67915
TFT1 N:02_0_R Comdty,2017-12-13,12.68535
TFT1 N:02_0_R Comdty,2017-12-14,12.73593
TFT1 N:02_0_R Comdty,2017-12-15,12.78069
TFT1 N:02_0_R Comdty,2017-12-18,12.76318
TFT1 N:02_0_R Comdty,2017-12-19,12.77201
TFT1 N:02_0_R Comdty,2017-12-20,12.83775
TFT1 N:02_0_R Comdty,2017-12-21,12.8265
TFT1 N:02_0_R Comdty,2017-12-22,12.88669
TFT1 N:02_0_R Comdty,2017-12-25,12.92603
TFT1 N:02_0_R Comdty,2017-12-26,12.90129
TFT1 N:02_0_R Comdty,2017-12-27,12.87797
TFT1 N:02_0_R Comdty,2017-12-28,12.94425
TFT1 N:02_0_R Comdty,2017-12-29,13.00364
TFT1 N:02_0_R Comdty,2018-01-02,12.97784
TFT1 N:02_0_R Comdty,2018-01-03,12.93463
TFT1 N:02_0_R Comdty,2018-01-04,12.92512
TFT1 N:02_0_R Comdty,2018-01-05,12.93886
TFT1 N:02_0_R Comdty,2018-01-08,12.94819
TFT1 N:02_0_R Comdty,2018-01-09,12.88711
TFT1 N:02_0_R Comdty,2018-01-10,12.89122
TFT1 N:02_0_R Comdty,2018-01-11,12.87292
TFT1 N:02_0_R Comdty,2018-01-12,12.96702
TFT1 N:02_0_R Comdty,2018-01-15,12.97889
TFT1 N:02_0_R Comdty,2018-01-16,12.95825
TFT1 N:02_0_R Comdty,2018-01-17,12.95349
TFT1 N:02_0_R Comdty,2018-01-18,12.95212
TFT1 N:02_0_R Comdty,2018-01-19,12.97598
TFT1 N:02_0_R Comdty,2018-01-22,13.01285
TFT1 N:02_0_R Comdty,2018-01-23,13.00758
TFT1 N:02_0_R Comdty,2018-01-24,13.07956
TFT1 N:02_0_R Comdty,2018-01-25,13.18695
TFT1 N:02_0_R Comdty,2018-01-26,13.19603
TFT1 N:02_0_R Comdty,2018-01-29,13.16871
TFT1 N:02_0_R Comdty,2018-01-30,13.1785
TFT1 N:02_0_R Comdty,2018-01-31,13.27543
TFT1 N:02_0_R Comdty,2018-02-01,13.28047
TFT1 N:02_0_R Comdty,2018-02-02,13.25891
TFT1 N:02_0_R Comdty,2018-02-05,13.24008
TFT1 N:02_0_R Comdty,2018-02-06,13.3158
TFT1 N:02_0_R Comdty,2018-02-07,13.33264
TFT1 N:02_0_R Comdty,2018-02-08,13.19121
TFT1 N:02_0_R Comdty,2018-02-09,13.25699
TFT1 N:02_0_R Comdty,2018-02-12,13.21169
TFT1 N:02_0_R Comdty,2018-02-13,13.18728
TFT1 N:02_0_R Comdty,2018-02-14,13.15414
TFT1 N:02_0_R Comdty,2018-02-22,13.11637
TFT1 N:02_0_R Comdty,2018-02-23,13.15536
TFT1 N:02_0_R Comdty,2018-02-26,13.26885
TFT1 N:02_0_R Comdty,2018-02-27,13.31488
TFT1 N:02_0_R Comdty,2018-02-28,13.29209
TFT1 N:02_0_R Comdty,2018-03-01,13.23829
TFT1 N:02_0_R Comdty,2018-03-02,13.25498
TFT1 N:02_0_R Comdty,2018-03-05,13.24237
TFT1 N:02_0_R Comdty,2018-03-06,13.36861
TFT1 N:02_0_R Comdty,2018-03-07,13.34168
TFT1 N:02_0_R Comdty,2018-03-08,13.3041
TFT1 N:02_0_R Comdty,2018-03-09,13.31868
TFT1 N:02_0_R Comdty,2018-03-12,13.33418
TFT1 N:02_0_R Comdty,2018-03-13,13.30656
TFT1 N:02_0_R Comdty,2018-03-14,13.32058
TFT1 N:02_0_R Comdty,2018-03-15,13.32281
TFT1 N:02_0_R Comdty,2018-03-16,13.30716
TFT1 N:02_0_R Comdty,2018-03-19,13.31811
TFT1 N:02_0_R Comdty,2018-03-20,13.34962
TFT1 N:02_0_R Comdty,2018-03-21,13.38087
TFT1 N:02_0_R Comdty,2018-03-22,13.38356
TFT1 N:02_0_R Comdty,2018-03-23,13.50542
TFT1 N:02_0_R Comdty,2018-03-26,13.54536
TFT1 N:02_0_R Comdty,2018-03-27,13.5202
TFT1 N:02_0_R Comdty,2018-03-28,13.5309
TFT1 N:02_0_R Comdty,2018-03-29,13.48115
TFT1 N:02_0_R Comdty,2018-03-30,13.53315
TFT1 N:02_0_R Comdty,2018-04-02,13.53991
TFT1 N:02_0_R Comdty,2018-04-03,13.46763
TFT1 N:02_0_R Comdty,2018-04-04,13.45372
TFT1 N:02_0_R Comdty,2018-04-09,13.49201
TFT1 N:02_0_R Comdty,2018-04-10,13.47735
TFT1 N:02_0_R Comdty,2018-04-11,13.57963
TFT1 N:02_0_R Comdty,2018-04-12,13.50756
TFT1 N:02_0_R Comdty,2018-04-13,13.54476
TFT1 N:02_0_R Comdty,2018-04-16,13.60117
TFT1 N:02_0_R Comdty,2018-04-17,13.59176
TFT1 N:02_0_R Comdty,2018-04-18,13.81498
TFT1 N:02_0_R Comdty,2018-04-19,13.75114
TFT1 N:02_0_R Comdty,2018-04-20,13.71674
TFT1 N:02_0_R Comdty,2018-04-23,13.62818
TFT1 N:02_0_R Comdty,2018-04-24,13.57916
TFT1 N:02_0_R Comdty,2018-04-25,13.56239
TFT1 N:02_0_R Comdty,2018-04-26,13.54788
TFT1 N:02_0_R Comdty,2018-04-27,13.54635
TFT1 N:02_0_R Comdty,2018-05-02,13.47172
TFT1 N:02_0_R Comdty,2018-05-03,13.52038
TFT1 N:02_0_R Comdty,2018-05-04,13.51196
TFT1 N:02_0_R Comdty,2018-05-07,13.4669
TFT1 N:02_0_R Comdty,2018-05-08,13.40664
TFT1 N:02_0_R Comdty,2018-05-09,13.40557
TFT1 N:02_0_R Comdty,2018-05-10,13.45275
TFT1 N:02_0_R Comdty,2018-05-11,13.48984
TFT1 N:02_0_R Comdty,2018-05-14,13.48041
TFT1 N:02_0_R Comdty,2018-05-15,13.33046
TFT1 N:02_0_R Comdty,2018-05-16,13.4078
TFT1 N:02_0_R Comdty,2018-05-17,13.39996
TFT1 N:02_0_R Comdty,2018-05-18,13.38477
TFT1 N:02_0_R Comdty,2018-05-21,13.38089
TFT1 N:02_0_R Comdty,2018-05-22,13.44778
TFT1 N:02_0_R Comdty,2018-05-23,13.40836
TFT1 N:02_0_R Comdty,2018-05-24,13.44179
TFT1 N:02_0_R Comdty,2018-05-25,13.50854
TFT1 N:02_0_R Comdty,2018-05-28,13.46093
TFT1 N:02_0_R Comdty,2018-05-29,13.42578
TFT1 N:02_0_R Comdty,2018-05-30,13.48516
TFT1 N:02_0_R Comdty,2018-05-31,13.41291
TFT1 N:02_0_R Comdty,2018-06-01,13.3906
TFT1 N:02_0_R Comdty,2018-06-04,13.39365
TFT1 N:02_0_R Comdty,2018-06-05,13.36838
TFT1 N:02_0_R Comdty,2018-06-06,13.38492
TFT1 N:02_0_R Comdty,2018-06-07,13.39925
TFT1 N:02_0_R Comdty,2018-06-08,13.39615
TFT1 N:02_0_R Comdty,2018-06-11,13.42736
TFT1 N:02_0_R Comdty,2018-06-12,13.38336
TFT1 N:02_0_R Comdty,2018-06-13,13.37377
TFT1 N:02_0_R Comdty,2018-06-14,13.45305
TFT1 N:02_0_R Comdty,2018-06-15,13.41806
TFT1 N:02_0_R Comdty,2018-06-19,13.37397
TFT1 N:02_0_R Comdty,2018-06-20,13.28688
TFT1 N:02_0_R Comdty,2018-06-21,13.29195
TFT1 N:02_0_R Comdty,2018-06-22,13.30234
TFT1 N:02_0_R Comdty,2018-06-25,13.17333
TFT1 N:02_0_R Comdty,2018-06-26,13.13402
TFT1 N:02_0_R Comdty,2018-06-27,13.15595
TFT1 N:02_0_R Comdty,2018-06-28,13.09085
TFT1 N:02_0_R Comdty,2018-06-29,13.13179
TFT1 N:02_0_R Comdty,2018-07-02,13.00471
TFT1 N:02_0_R Comdty,2018-07-03,13.10727
TFT1 N:02_0_R Comdty,2018-07-04,13.07736
TFT1 N:02_0_R Comdty,2018-07-05,13.07049
TFT1 N:02_0_R Comdty,2018-07-06,13.04648
TFT1 N:02_0_R Comdty,2018-07-09,13.0836
TFT1 N:02_0_R Comdty,2018-07-10,12.97677
TFT1 N:02_0_R Comdty,2018-07-11,13.00744
TFT1 N:02_0_R Comdty,2018-07-12,13.0409
TFT1 N:02_0_R Comdty,2018-07-13,12.9289
TFT1 N:02_0_R Comdty,2018-07-16,13.03908
TFT1 N:02_0_R Comdty,2018-07-17,13.00636
TFT1 N:02_0_R Comdty,2018-07-18,12.84443
TFT1 N:02_0_R Comdty,2018-07-19,12.82999
TFT1 N:02_0_R Comdty,2018-07-20,12.807
TFT1 N:02_0_R Comdty,2018-07-23,12.75102
TFT1 N:02_0_R Comdty,2018-07-24,12.72175
TFT1 N:02_0_R Comdty,2018-07-25,12.77667
TFT1 N:02_0_R Comdty,2018-07-26,12.74857
TFT1 N:02_0_R Comdty,2018-07-27,12.70547
TFT1 N:02_0_R Comdty,2018-07-30,12.70943
TFT1 N:02_0_R Comdty,2018-07-31,12.73197
TFT1 N:02_0_R Comdty,2018-08-01,12.74455
TFT1 N:02_0_R Comdty,2018-08-02,12.70641
TFT1 N:02_0_R Comdty,2018-08-03,12.72998
TFT1 N:02_0_R Comdty,2018-08-06,12.69966
TFT1 N:02_0_R Comdty,2018-08-07,12.72262
TFT1 N:02_0_R Comdty,2018-08-08,12.66768
TFT1 N:02_0_R Comdty,2018-08-09,12.65711
TFT1 N:02_0_R Comdty,2018-08-10,12.59942
TFT1 N:02_0_R Comdty,2018-08-13,12.48817
TFT1 N:02_0_R Comdty,2018-08-14,12.52766
TFT1 N:02_0_R Comdty,2018-08-15,12.4287
TFT1 N:02_0_R Comdty,2018-08-16,12.48082
TFT1 N:02_0_R Comdty,2018-08-17,12.45234
TFT1 N:02_0_R Comdty,2018-08-20,12.50306
TFT1 N:02_0_R Comdty,2018-08-21,12.52185
TFT1 N:02_0_R Comdty,2018-08-22,12.54455
TFT1 N:02_0_R Comdty,2018-08-23,12.43752
TFT1 N:02_0_R Comdty,2018-08-24,12.58461
TFT1 N:02_0_R Comdty,2018-08-27,12.57992
TFT1 N:02_0_R Comdty,2018-08-28,12.63184
TFT1 N:02_0_R Comdty,2018-08-29,12.59456
TFT1 N:02_0_R Comdty,2018-08-30,12.59771
TFT1 N:02_0_R Comdty,2018-08-31,12.63848
TFT1 N:02_0_R Comdty,2018-09-03,12.63019
TFT1 N:02_0_R Comdty,2018-09-04,12.57066
TFT1 N:02_0_R Comdty,2018-09-05,12.5913
TFT1 N:02_0_R Comdty,2018-09-06,12.59573
TFT1 N:02_0_R Comdty,2018-09-07,12.53814
TFT1 N:02_0_R Comdty,2018-09-10,12.5064
TFT1 N:02_0_R Comdty,2018-09-11,12.42738
TFT1 N:02_0_R Comdty,2018-09-12,12.47445
TFT1 N:02_0_R Comdty,2018-09-13,12.50427
TFT1 N:02_0_R Comdty,2018-09-14,12.49048
TFT1 N:02_0_R Comdty,2018-09-17,12.49354
TFT1 N:02_0_R Comdty,2018-09-18,12.47083
TFT1 N:02_0_R Comdty,2018-09-19,12.49234
TFT1 N:02_0_R Comdty,2018-09-20,12.46273
TFT1 N:02_0_R Comdty,2018-09-21,12.46752
TFT1 N:02_0_R Comdty,2018-09-25,12.45972
TFT1 N:02_0_R Comdty,2018-09-26,12.46252
TFT1 N:02_0_R Comdty,2018-09-27,12.4858
TFT1 N:02_0_R Comdty,2018-09-28,12.54352
TFT1 N:02_0_R Comdty,2018-10-08,12.41564
TFT1 N:02_0_R Comdty,2018-10-09,12.43769
TFT1 N:02_0_R Comdty,2018-10-10,12.43893
TFT1 N:02_0_R Comdty,2018-10-11,12.55116
TFT1 N:02_0_R Comdty,2018-10-12,12.48603
TFT1 N:02_0_R Comdty,2018-10-15,12.48622
TFT1 N:02_0_R Comdty,2018-10-16,12.51384
TFT1 N:02_0_R Comdty,2018-10-17,12.48172
TFT1 N:02_0_R Comdty,2018-10-18,12.50511
TFT1 N:02_0_R Comdty,2018-10-19,12.49171
TFT1 N:02_0_R Comdty,2018-10-22,12.4427
TFT1 N:02_0_R Comdty,2018-10-23,12.48438
TFT1 N:02_0_R Comdty,2018-10-24,12.49198
TFT1 N:02_0_R Comdty,2018-10-25,12.49102
TFT1 N:02_0_R Comdty,2018-10-26,12.50793
TFT1 N:02_0_R Comdty,2018-10-29,12.50555
TFT1 N:02_0_R Comdty,2018-10-30,12.48607
TFT1 N:02_0_R Comdty,2018-10-31,12.48128
TFT1 N:02_0_R Comdty,2018-11-01,12.59423
TFT1 N:02_0_R Comdty,2018-11-02,12.59418
TFT1 N:02_0_R Comdty,2018-11-05,12.54383
TFT1 N:02_0_R Comdty,2018-11-06,12.58218
TFT1 N:02_0_R Comdty,2018-11-07,12.60163
TFT1 N:02_0_R Comdty,2018-11-08,12.59399
TFT1 N:02_0_R Comdty,2018-11-09,12.55111
TFT1 N:02_0_R Comdty,2018-11-12,12.52059
TFT1 N:02_0_R Comdty,2018-11-13,12.54472
TFT1 N:02_0_R Comdty,2018-11-14,12.61432
TFT1 N:02_0_R Comdty,2018-11-15,12.64486
TFT1 N:02_0_R Comdty,2018-11-16,12.69795
TFT1 N:02_0_R Comdty,2018-11-19,12.68017
TFT1 N:02_0_R Comdty,2018-11-20,12.65771
TFT1 N:02_0_R Comdty,2018-11-21,12.69235
TFT1 N:02_0_R Comdty,2018-11-22,12.6742
TFT1 N:02_0_R Comdty,2018-11-23,12.65261
TFT1 N:02_0_R Comdty,2018-11-26,12.63457
TFT1 N:02_0_R Comdty,2018-11-27,12.63306
TFT1 N:02_0_R Comdty,2018-11-28,12.64213
TFT1 N:02_0_R Comdty,2018-11-29,12.68441
TFT1 N:02_0_R Comdty,2018-11-30,12.63268
TFT1 N:02_0_R Comdty,2018-12-03,12.7802
TFT1 N:02_0_R Comdty,2018-12-04,12.90749
TFT1 N:02_0_R Comdty,2018-12-05,12.86889
TFT1 N:02_0_R Comdty,2018-12-06,12.8315
TFT1 N:02_0_R Comdty,2018-12-07,12.84321
TFT1 N:02_0_R Comdty,2018-12-10,12.79544
TFT1 N:02_0_R Comdty,2018-12-11,12.81955
TFT1 N:02_0_R Comdty,2018-12-12,12.86183
TFT1 N:02_0_R Comdty,2018-12-13,12.786
TFT1 N:02_0_R Comdty,2018-12-14,12.71371
TFT1 N:02_0_R Comdty,2018-12-17,12.70915
TFT1 N:02_0_R Comdty,2018-12-18,12.71434
TFT1 N:02_0_R Comdty,2018-12-19,12.74858
TFT1 N:02_0_R Comdty,2018-12-20,12.80326
TFT1 N:02_0_R Comdty,2018-12-21,12.76443
TFT1 N:02_0_R Comdty,2018-12-24,12.75968
TFT1 N:02_0_R Comdty,2018-12-25,12.80812
TFT1 N:02_0_R Comdty,2018-12-26,12.83392
TFT1 N:02_0_R Comdty,2018-12-27,12.88286
TFT1 N:02_0_R Comdty,2018-12-28,12.91476
TFT1 N:02_0_R Comdty,2019-01-02,12.99276
TFT1 N:02_0_R Comdty,2019-01-03,12.97933
TFT1 N:02_0_R Comdty,2019-01-04,12.95626
TFT1 N:02_0_R Comdty,2019-01-07,12.99324
TFT1 N:02_0_R Comdty,2019-01-08,13.05473
TFT1 N:02_0_R Comdty,2019-01-09,13.10347
TFT1 N:02_0_R Comdty,2019-01-10,13.12693
TFT1 N:02_0_R Comdty,2019-01-11,13.17432
TFT1 N:02_0_R Comdty,2019-01-14,13.1403
TFT1 N:02_0_R Comdty,2019-01-15,13.14267
TFT1 N:02_0_R Comdty,2019-01-16,13.21809
TFT1 N:02_0_R Comdty,2019-01-17,13.1957
TFT1 N:02_0_R Comdty,2019-01-18,13.16113
TFT1 N:02_0_R Comdty,2019-01-21,13.09482
TFT1 N:02_0_R Comdty,2019-01-22,13.09219
TFT1 N:02_0_R Comdty,2019-01-23,13.0976
TFT1 N:02_0_R Comdty,2019-01-24,13.09928
TFT1 N:02_0_R Comdty,2019-01-25,13.15854
TFT1 N:02_0_R Comdty,2019-01-28,13.17143
TFT1 N:02_0_R Comdty,2019-01-29,13.21845
TFT1 N:02_0_R Comdty,2019-01-30,13.25885
TFT1 N:02_0_R Comdty,2019-01-31,13.30428
TFT1 N:02_0_R Comdty,2019-02-01,13.20639
TFT1 N:02_0_R Comdty,2019-02-11,13.16289
TFT1 N:02_0_R Comdty,2019-02-12,13.1883
TFT1 N:02_0_R Comdty,2019-02-13,13.19917
TFT1 N:02_0_R Comdty,2019-02-14,13.14395
TFT1 N:02_0_R Comdty,2019-02-15,13.15812
TFT1 N:02_0_R Comdty,2019-02-18,13.14235
TFT1 N:02_0_R Comdty,2019-02-19,13.18721
TFT1 N:02_0_R Comdty,2019-02-20,13.26544
TFT1 N:02_0_R Comdty,2019-02-21,13.27108
TFT1 N:02_0_R Comdty,2019-02-22,13.28032
TFT1 N:02_0_R Comdty,2019-02-25,13.32208
TFT1 N:02_0_R Comdty,2019-02-26,13.27007
TFT1 N:02_0_R Comdty,2019-02-27,13.34277
TFT1 N:02_0_R Comdty,2019-02-28,13.30512
TFT1 N:02_0_R Comdty,2019-03-01,13.25938
TFT1 N:02_0_R Comdty,2019-03-04,13.29018
TFT1 N:02_0_R Comdty,2019-03-05,13.2978
TFT1 N:02_0_R Comdty,2019-03-06,13.30131
TFT1 N:02_0_R Comdty,2019-03-07,13.35407
TFT1 N:02_0_R Comdty,2019-03-08,13.36603
TFT1 N:02_0_R Comdty,2019-03-11,13.34216
TFT1 N:02_0_R Comdty,2019-03-12,13.38577
TFT1 N:02_0_R Comdty,2019-03-13,13.39082
TFT1 N:02_0_R Comdty,2019-03-14,13.33886
TFT1 N:02_0_R Comdty,2019-03-15,13.36506
TFT1 N:02_0_R Comdty,2019-03-18,13.34465
TFT1 N:02_0_R Comdty,2019-03-19,13.33677
TFT1 N:02_0_R Comdty,2019-03-20,13.36389
TFT1 N:02_0_R Comdty,2019-03-21,13.38922
TFT1 N:02_0_R Comdty,2019-03-22,13.36616
TFT1 N:02_0_R Comdty,2019-03-25,13.4273
TFT1 N:02_0_R Comdty,2019-03-26,13.41949
TFT1 N:02_0_R Comdty,2019-03-27,13.37559
TFT1 N:02_0_R Comdty,2019-03-28,13.36014
TFT1 N:02_0_R Comdty,2019-03-29,13.39521
TFT1 N:02_0_R Comdty,2019-04-01,13.33825
TFT1 N:02_0_R Comdty,2019-04-02,13.28957
TFT1 N:02_0_R Comdty,2019-04-03,13.2365
TFT1 N:02_0_R Comdty,2019-04-04,13.20163
TFT1 N:02_0_R Comdty,2019-04-08,13.22166
TFT1 N:02_0_R Comdty,2019-04-09,13.20971
TFT1 N:02_0_R Comdty,2019-04-10,13.21356
TFT1 N:02_0_R Comdty,2019-04-11,13.23783
TFT1 N:02_0_R Comdty,2019-04-12,13.25072
TFT1 N:02_0_R Comdty,2019-04-15,13.18981
TFT1 N:02_0_R Comdty,2019-04-16,13.15214
TFT1 N:02_0_R Comdty,2019-04-17,13.23367
TFT1 N:02_0_R Comdty,2019-04-18,13.20682
TFT1 N:02_0_R Comdty,2019-04-19,13.20991
TFT1 N:02_0_R Comdty,2019-04-22,13.17374
TFT1 N:02_0_R Comdty,2019-04-23,13.15403
TFT1 N:02_0_R Comdty,2019-04-24,13.11403
TFT1 N:02_0_R Comdty,2019-04-25,13.09936
TFT1 N:02_0_R Comdty,2019-04-26,13.15342
TFT1 N:02_0_R Comdty,2019-04-29,13.12515
TFT1 N:02_0_R Comdty,2019-04-30,13.17278
TFT1 N:02_0_R Comdty,2019-05-06,13.14802
TFT1 N:02_0_R Comdty,2019-05-07,13.11738
TFT1 N:02_0_R Comdty,2019-05-08,13.11864
TFT1 N:02_0_R Comdty,2019-05-09,13.04774
TFT1 N:02_0_R Comdty,2019-05-10,13.06501
TFT1 N:02_0_R Comdty,2019-05-13,13.00278
TFT1 N:02_0_R Comdty,2019-05-14,12.99062
TFT1 N:02_0_R Comdty,2019-05-15,12.99692
TFT1 N:02_0_R Comdty,2019-05-16,12.98372
TFT1 N:02_0_R Comdty,2019-05-17,12.93235
TFT1 N:02_0_R Comdty,2019-05-20,12.94547
TFT1 N:02_0_R Comdty,2019-05-21,12.93229
TFT1 N:02_0_R Comdty,2019-05-22,12.91435
TFT1 N:02_0_R Comdty,2019-05-23,12.93621
TFT1 N:02_0_R Comdty,2019-05-24,12.95552
TFT1 N:02_0_R Comdty,2019-05-27,12.89138
TFT1 N:02_0_R Comdty,2019-05-28,12.91152
TFT1 N:02_0_R Comdty,2019-05-29,12.94552
TFT1 N:02_0_R Comdty,2019-05-30,12.97163
TFT1 N:02_0_R Comdty,2019-05-31,12.96828
TFT1 N:02_0_R Comdty,2019-06-03,13.0149
TFT1 N:02_0_R Comdty,2019-06-04,13.02381
TFT1 N:02_0_R Comdty,2019-06-05,13.03702
TFT1 N:02_0_R Comdty,2019-06-06,13.04134
TFT1 N:02_0_R Comdty,2019-06-10,12.99183
TFT1 N:02_0_R Comdty,2019-06-11,12.98721
TFT1 N:02_0_R Comdty,2019-06-12,12.98121
TFT1 N:02_0_R Comdty,2019-06-13,13.00127
TFT1 N:02_0_R Comdty,2019-06-14,13.02102
TFT1 N:02_0_R Comdty,2019-06-17,13.03294
TFT1 N:02_0_R Comdty,2019-06-18,13.04663
TFT1 N:02_0_R Comdty,2019-06-19,13.03718
TFT1 N:02_0_R Comdty,2019-06-20,13.14316
TFT1 N:02_0_R Comdty,2019-06-21,13.11746
TFT1 N:02_0_R Comdty,2019-06-24,13.07838
TFT1 N:02_0_R Comdty,2019-06-25,13.08582
TFT1 N:02_0_R Comdty,2019-06-26,13.06712
TFT1 N:02_0_R Comdty,2019-06-27,13.06811
TFT1 N:02_0_R Comdty,2019-06-28,13.12271
TFT1 N:02_0_R Comdty,2019-07-01,13.16512
TFT1 N:02_0_R Comdty,2019-07-02,13.1808
TFT1 N:02_0_R Comdty,2019-07-03,13.19733
TFT1 N:02_0_R Comdty,2019-07-04,13.20924
TFT1 N:02_0_R Comdty,2019-07-05,13.14946
TFT1 N:02_0_R Comdty,2019-07-08,13.15503
TFT1 N:02_0_R Comdty,2019-07-09,13.16524
TFT1 N:02_0_R Comdty,2019-07-10,13.19339
TFT1 N:02_0_R Comdty,2019-07-11,13.20434
TFT1 N:02_0_R Comdty,2019-07-12,13.19004
TFT1 N:02_0_R Comdty,2019-07-15,13.17228
TFT1 N:02_0_R Comdty,2019-07-16,13.17582
TFT1 N:02_0_R Comdty,2019-07-17,13.18753
TFT1 N:02_0_R Comdty,2019-07-18,13.19944
TFT1 N:02_0_R Comdty,2019-07-19,13.1934
TFT1 N:02_0_R Comdty,2019-07-22,13.21163
TFT1 N:02_0_R Comdty,2019-07-23,13.2124
TFT1 N:02_0_R Comdty,2019-07-24,13.20213
TFT1 N:02_0_R Comdty,2019-07-25,13.20578
TFT1 N:02_0_R Comdty,2019-07-26,13.19781
TFT1 N:02_0_R Comdty,2019-07-29,13.1485
TFT1 N:02_0_R Comdty,2019-07-30,13.17288
TFT1 N:02_0_R Comdty,2019-07-31,13.20635
TFT1 N:02_0_R Comdty,2019-08-01,13.18663
TFT1 N:02_0_R Comdty,2019-08-02,13.14707
TFT1 N:02_0_R Comdty,2019-08-05,12.98035
TFT1 N:02_0_R Comdty,2019-08-06,13.03182
TFT1 N:02_0_R Comdty,2019-08-07,12.97401
TFT1 N:02_0_R Comdty,2019-08-08,13.0036
TFT1 N:02_0_R Comdty,2019-08-09,12.99418
TFT1 N:02_0_R Comdty,2019-08-12,12.98947
TFT1 N:02_0_R Comdty,2019-08-13,13.03495
TFT1 N:02_0_R Comdty,2019-08-14,13.06842
TFT1 N:02_0_R Comdty,2019-08-15,13.03416
TFT1 N:02_0_R Comdty,2019-08-16,13.01375
TFT1 N:02_0_R Comdty,2019-08-19,13.01097
TFT1 N:02_0_R Comdty,2019-08-20,12.99422
TFT1 N:02_0_R Comdty,2019-08-21,12.96672
TFT1 N:02_0_R Comdty,2019-08-22,12.93423
TFT1 N:02_0_R Comdty,2019-08-23,12.92028
TFT1 N:02_0_R Comdty,2019-08-26,12.84428
TFT1 N:02_0_R Comdty,2019-08-27,12.80989
TFT1 N:02_0_R Comdty,2019-08-28,12.80352
TFT1 N:02_0_R Comdty,2019-08-29,12.86944
TFT1 N:02_0_R Comdty,2019-08-30,12.81909
TFT1 N:02_0_R Comdty,2019-09-02,12.76977
TFT1 N:02_0_R Comdty,2019-09-03,12.75133
TFT1 N:02_0_R Comdty,2019-09-04,12.82985
TFT1 N:02_0_R Comdty,2019-09-05,12.85678
TFT1 N:02_0_R Comdty,2019-09-06,12.92291
TFT1 N:02_0_R Comdty,2019-09-09,12.89308
TFT1 N:02_0_R Comdty,2019-09-10,12.89383
TFT1 N:02_0_R Comdty,2019-09-11,12.87355
TFT1 N:02_0_R Comdty,2019-09-12,12.89882
TFT1 N:02_0_R Comdty,2019-09-16,12.92943
TFT1 N:02_0_R Comdty,2019-09-17,12.87674
TFT1 N:02_0_R Comdty,2019-09-18,12.86065
TFT1 N:02_0_R Comdty,2019-09-19,12.85504
TFT1 N:02_0_R Comdty,2019-09-20,12.87645
TFT1 N:02_0_R Comdty,2019-09-23,12.82537
TFT1 N:02_0_R Comdty,2019-09-24,12.8179
TFT1 N:02_0_R Comdty,2019-09-25,12.79968
TFT1 N:02_0_R Comdty,2019-09-26,12.76947
TFT1 N:02_0_R Comdty,2019-09-27,12.76427
TFT1 N:02_0_R Comdty,2019-09-30,12.73477
TFT1 N:02_0_R Comdty,2019-10-08,12.77304
TFT1 N:02_0_R Comdty,2019-10-09,12.79388
TFT1 N:02_0_R Comdty,2019-10-10,12.80488
TFT1 N:02_0_R Comdty,2019-10-11,12.82527
TFT1 N:02_0_R Comdty,2019-10-14,12.8738
TFT1 N:02_0_R Comdty,2019-10-15,12.84798
TFT1 N:02_0_R Comdty,2019-10-16,12.82186
TFT1 N:02_0_R Comdty,2019-10-17,12.87365
TFT1 N:02_0_R Comdty,2019-10-18,12.83704
TFT1 N:02_0_R Comdty,2019-10-21,12.80295
TFT1 N:02_0_R Comdty,2019-10-22,12.80085
TFT1 N:02_0_R Comdty,2019-10-23,12.83695
TFT1 N:02_0_R Comdty,2019-10-24,12.82976
TFT1 N:02_0_R Comdty,2019-10-25,12.82215
TFT1 N:02_0_R Comdty,2019-10-28,12.78275
TFT1 N:02_0_R Comdty,2019-10-29,12.7813
TFT1 N:02_0_R Comdty,2019-10-30,12.75218
TFT1 N:02_0_R Comdty,2019-10-31,12.82854
TFT1 N:02_0_R Comdty,2019-11-01,12.84869
TFT1 N:02_0_R Comdty,2019-11-04,12.84632
TFT1 N:02_0_R Comdty,2019-11-05,12.92988
TFT1 N:02_0_R Comdty,2019-11-06,12.96371
TFT1 N:02_0_R Comdty,2019-11-07,12.99053
TFT1 N:02_0_R Comdty,2019-11-08,12.94044
TFT1 N:02_0_R Comdty,2019-11-11,12.94824
TFT1 N:02_0_R Comdty,2019-11-12,12.94378
TFT1 N:02_0_R Comdty,2019-11-13,12.92805
TFT1 N:02_0_R Comdty,2019-11-14,12.9233
TFT1 N:02_0_R Comdty,2019-11-15,12.96138
TFT1 N:02_0_R Comdty,2019-11-18,12.98103
TFT1 N:02_0_R Comdty,2019-11-19,12.99126
TFT1 N:02_0_R Comdty,2019-11-20,12.97744
TFT1 N:02_0_R Comdty,2019-11-21,12.99208
TFT1 N:02_0_R Comdty,2019-11-22,12.97578
TFT1 N:02_0_R Comdty,2019-11-25,12.94867
TFT1 N:02_0_R Comdty,2019-11-26,12.96587
TFT1 N:02_0_R Comdty,2019-11-27,12.97549
TFT1 N:02_0_R Comdty,2019-11-28,12.96584
TFT1 N:02_0_R Comdty,2019-11-29,12.97148
TFT1 N:02_0_R Comdty,2019-12-02,12.9142
TFT1 N:02_0_R Comdty,2019-12-03,12.88008
TFT1 N:02_0_R Comdty,2019-12-04,12.9126
TFT1 N:02_0_R Comdty,2019-12-05,12.92921
TFT1 N:02_0_R Comdty,2019-12-06,12.92022
TFT1 N:02_0_R Comdty,2019-12-09,12.90759
TFT1 N:02_0_R Comdty,2019-12-10,12.93198
TFT1 N:02_0_R Comdty,2019-12-11,12.94089
TFT1 N:02_0_R Comdty,2019-12-12,13.04874
TFT1 N:02_0_R Comdty,2019-12-13,13.00886
TFT1 N:02_0_R Comdty,2019-12-16,13.0051
TFT1 N:02_0_R Comdty,2019-12-17,12.97169
TFT1 N:02_0_R Comdty,2019-12-18,12.95758
TFT1 N:02_0_R Comdty,2019-12-19,12.95619
TFT1 N:02_0_R Comdty,2019-12-20,12.99292
TFT1 N:02_0_R Comdty,2019-12-23,13.00833
TFT1 N:02_0_R Comdty,2019-12-24,13.02447
TFT1 N:02_0_R Comdty,2019-12-25,13.05565
TFT1 N:02_0_R Comdty,2019-12-26,13.06825
TFT1 N:02_0_R Comdty,2019-12-27,13.06871
TFT1 N:02_0_R Comdty,2019-12-30,13.07382
TFT1 N:02_0_R Comdty,2019-12-31,13.11375
TFT1 N:02_0_R Comdty,2020-01-02,13.0902
TFT1 N:02_0_R Comdty,2020-01-03,13.08807
TFT1 N:02_0_R Comdty,2020-01-06,13.09685
TFT1 N:02_0_R Comdty,2020-01-07,13.12503
TFT1 N:02_0_R Comdty,2020-01-08,13.14973
TFT1 N:02_0_R Comdty,2020-01-09,13.18973
TFT1 N:02_0_R Comdty,2020-01-10,13.24161
TFT1 N:02_0_R Comdty,2020-01-13,13.29068
TFT1 N:02_0_R Comdty,2020-01-14,13.30574
TFT1 N:02_0_R Comdty,2020-01-15,13.30524
TFT1 N:02_0_R Comdty,2020-01-16,13.30825
TFT1 N:02_0_R Comdty,2020-01-17,13.3589
TFT1 N:02_0_R Comdty,2020-01-20,13.39693
TFT1 N:02_0_R Comdty,2020-01-21,13.38441
TFT1 N:02_0_R Comdty,2020-01-22,13.38886
TFT1 N:02_0_R Comdty,2020-01-23,13.4172
TFT1 N:02_0_R Comdty,2020-02-03,13.38617
TFT1 N:02_0_R Comdty,2020-02-04,13.40509
TFT1 N:02_0_R Comdty,2020-02-05,13.45582
TFT1 N:02_0_R Comdty,2020-02-06,13.46351
TFT1 N:02_0_R Comdty,2020-02-07,13.4371
TFT1 N:02_0_R Comdty,2020-02-10,13.46526
TFT1 N:02_0_R Comdty,2020-02-11,13.46076
TFT1 N:02_0_R Comdty,2020-02-12,13.44851
TFT1 N:02_0_R Comdty,2020-02-13,13.44649
TFT1 N:02_0_R Comdty,2020-02-14,13.38502
TFT1 N:02_0_R Comdty,2020-02-17,13.36911
TFT1 N:02_0_R Comdty,2020-02-18,13.38186
TFT1 N:02_0_R Comdty,2020-02-19,13.38202
TFT1 N:02_0_R Comdty,2020-02-20,13.29985
TFT1 N:02_0_R Comdty,2020-02-21,13.33379
TFT1 N:02_0_R Comdty,2020-02-24,13.35751
TFT1 N:02_0_R Comdty,2020-02-25,13.38665
TFT1 N:02_0_R Comdty,2020-02-26,13.36003
TFT1 N:02_0_R Comdty,2020-02-27,13.42729
TFT1 N:02_0_R Comdty,2020-02-28,13.47704
TFT1 N:02_0_R Comdty,2020-03-02,13.51869
TFT1 N:02_0_R Comdty,2020-03-03,13.50892
TFT1 N:02_0_R Comdty,2020-03-04,13.62856
TFT1 N:02_0_R Comdty,2020-03-05,13.60466
TFT1 N:02_0_R Comdty,2020-03-06,13.65133
TFT1 N:02_0_R Comdty,2020-03-09,13.69638
TFT1 N:02_0_R Comdty,2020-03-10,13.57951
TFT1 N:02_0_R Comdty,2020-03-11,13.59818
TFT1 N:02_0_R Comdty,2020-03-12,13.46714
TFT1 N:02_0_R Comdty,2020-03-13,13.45045
TFT1 N:02_0_R Comdty,2020-03-16,13.47226
TFT1 N:02_0_R Comdty,2020-03-17,13.41504
TFT1 N:02_0_R Comdty,2020-03-18,13.37319
TFT1 N:02_0_R Comdty,2020-03-19,13.20705
TFT1 N:02_0_R Comdty,2020-03-20,13.25286
TFT1 N:02_0_R Comdty,2020-03-23,13.32526
TFT1 N:02_0_R Comdty,2020-03-24,13.39638
TFT1 N:02_0_R Comdty,2020-03-25,13.31983
TFT1 N:02_0_R Comdty,2020-03-26,13.42371
TFT1 N:02_0_R Comdty,2020-03-27,13.35334
TFT1 N:02_0_R Comdty,2020-03-30,13.3506
TFT1 N:02_0_R Comdty,2020-03-31,13.41737
TFT1 N:02_0_R Comdty,2020-04-01,13.41677
TFT1 N:02_0_R Comdty,2020-04-02,13.40989
TFT1 N:02_0_R Comdty,2020-04-03,13.36228
TFT1 N:02_0_R Comdty,2020-04-07,13.55128
TFT1 N:02_0_R Comdty,2020-04-08,13.53328
TFT1 N:02_0_R Comdty,2020-04-09,13.55203
TFT1 N:02_0_R Comdty,2020-04-10,13.5408
TFT1 N:02_0_R Comdty,2020-04-13,13.52671
TFT1 N:02_0_R Comdty,2020-04-14,13.53049
TFT1 N:02_0_R Comdty,2020-04-15,13.52617
TFT1 N:02_0_R Comdty,2020-04-16,13.51764
TFT1 N:02_0_R Comdty,2020-04-17,13.50226
TFT1 N:02_0_R Comdty,2020-04-20,13.46364
TFT1 N:02_0_R Comdty,2020-04-21,13.43848
TFT1 N:02_0_R Comdty,2020-04-22,13.49344
TFT1 N:02_0_R Comdty,2020-04-23,13.61313
TFT1 N:02_0_R Comdty,2020-04-24,13.59673
TFT1 N:02_0_R Comdty,2020-04-27,13.56824
TFT1 N:02_0_R Comdty,2020-04-28,13.60499
TFT1 N:02_0_R Comdty,2020-04-29,13.62949
TFT1 N:02_0_R Comdty,2020-04-30,13.60337
TFT1 N:02_0_R Comdty,2020-05-06,13.4803
TFT1 N:02_0_R Comdty,2020-05-07,13.45854
TFT1 N:02_0_R Comdty,2020-05-08,13.47295
TFT1 N:02_0_R Comdty,2020-05-11,13.363
TFT1 N:02_0_R Comdty,2020-05-12,13.42366
TFT1 N:02_0_R Comdty,2020-05-13,13.37195
TFT1 N:02_0_R Comdty,2020-05-14,13.36094
TFT1 N:02_0_R Comdty,2020-05-15,13.38099
TFT1 N:02_0_R Comdty,2020-05-18,13.31345
TFT1 N:02_0_R Comdty,2020-05-19,13.35905
TFT1 N:02_0_R Comdty,2020-05-20,13.39289
TFT1 N:02_0_R Comdty,2020-05-21,13.36759
TFT1 N:02_0_R Comdty,2020-05-22,13.39153
TFT1 N:02_0_R Comdty,2020-05-25,13.3319
TFT1 N:02_0_R Comdty,2020-05-26,13.28772
TFT1 N:02_0_R Comdty,2020-05-27,13.22022
TFT1 N:02_0_R Comdty,2020-05-28,13.28927
TFT1 N:02_0_R Comdty,2020-05-29,13.29063
TFT1 N:02_0_R Comdty,2020-06-01,13.26998
TFT1 N:02_0_R Comdty,2020-06-02,13.28098
TFT1 N:02_0_R Comdty,2020-06-03,13.23455
TFT1 N:02_0_R Comdty,2020-06-04,13.21392
TFT1 N:02_0_R Comdty,2020-06-05,13.23238
TFT1 N:02_0_R Comdty,2020-06-08,13.29646
TFT1 N:02_0_R Comdty,2020-06-09,13.27581
TFT1 N:02_0_R Comdty,2020-06-10,13.29933
TFT1 N:02_0_R Comdty,2020-06-11,13.34475
TFT1 N:02_0_R Comdty,2020-06-12,13.3382
TFT1 N:02_0_R Comdty,2020-06-15,13.35822
TFT1 N:02_0_R Comdty,2020-06-16,13.27105
TFT1 N:02_0_R Comdty,2020-06-17,13.26375
TFT1 N:02_0_R Comdty,2020-06-18,13.25816
TFT1 N:02_0_R Comdty,2020-06-19,13.28697
TFT1 N:02_0_R Comdty,2020-06-22,13.28256
TFT1 N:02_0_R Comdty,2020-06-23,13.2745
TFT1 N:02_0_R Comdty,2020-06-24,13.28207
TFT1 N:02_0_R Comdty,2020-06-29,13.2879
TFT1 N:02_0_R Comdty,2020-06-30,13.32141
TFT1 N:02_0_R Comdty,2020-07-01,13.30744
TFT1 N:02_0_R Comdty,2020-07-02,13.31973
TFT1 N:02_0_R Comdty,2020-07-03,13.28149
TFT1 N:02_0_R Comdty,2020-07-06,13.24664
TFT1 N:02_0_R Comdty,2020-07-07,13.24659
TFT1 N:02_0_R Comdty,2020-07-08,13.20139
TFT1 N:02_0_R Comdty,2020-07-09,13.21479
TFT1 N:02_0_R Comdty,2020-07-10,13.22375
TFT1 N:02_0_R Comdty,2020-07-13,13.19917
TFT1 N:02_0_R Comdty,2020-07-14,13.21167
TFT1 N:02_0_R Comdty,2020-07-15,13.28976
TFT1 N:02_0_R Comdty,2020-07-16,13.32881
TFT1 N:02_0_R Comdty,2020-07-17,13.30612
TFT1 N:02_0_R Comdty,2020-07-20,13.33028
TFT1 N:02_0_R Comdty,2020-07-21,13.35714
TFT1 N:02_0_R Comdty,2020-07-22,13.36504
TFT1 N:02_0_R Comdty,2020-07-23,13.36296
TFT1 N:02_0_R Comdty,2020-07-24,13.36925
TFT1 N:02_0_R Comdty,2020-07-27,13.39309
TFT1 N:02_0_R Comdty,2020-07-28,13.34311
TFT1 N:02_0_R Comdty,2020-07-29,13.30319
TFT1 N:02_0_R Comdty,2020-07-30,13.28302
TFT1 N:02_0_R Comdty,2020-07-31,13.3026
TFT1 N:02_0_R Comdty,2020-08-03,13.31728
TFT1 N:02_0_R Comdty,2020-08-04,13.34266
TFT1 N:02_0_R Comdty,2020-08-05,13.39759
TFT1 N:02_0_R Comdty,2020-08-06,13.34816
TFT1 N:02_0_R Comdty,2020-08-07,13.31028
TFT1 N:02_0_R Comdty,2020-08-10,13.37404
TFT1 N:02_0_R Comdty,2020-08-11,13.39983
TFT1 N:02_0_R Comdty,2020-08-12,13.41403
TFT1 N:02_0_R Comdty,2020-08-13,13.42985
TFT1 N:02_0_R Comdty,2020-08-14,13.43177
TFT1 N:02_0_R Comdty,2020-08-17,13.47244
TFT1 N:02_0_R Comdty,2020-08-18,13.47099
TFT1 N:02_0_R Comdty,2020-08-19,13.43787
TFT1 N:02_0_R Comdty,2020-08-20,13.41462
TFT1 N:02_0_R Comdty,2020-08-21,13.42799
TFT1 N:02_0_R Comdty,2020-08-24,13.42508
TFT1 N:02_0_R Comdty,2020-08-25,13.38175
TFT1 N:02_0_R Comdty,2020-08-26,13.41153
TFT1 N:02_0_R Comdty,2020-08-27,13.39558
TFT1 N:02_0_R Comdty,2020-08-28,13.42355
TFT1 N:02_0_R Comdty,2020-08-31,13.5037
TFT1 N:02_0_R Comdty,2020-09-01,13.53349
TFT1 N:02_0_R Comdty,2020-09-02,13.47744
TFT1 N:02_0_R Comdty,2020-09-03,13.47212
TFT1 N:02_0_R Comdty,2020-09-04,13.47104
TFT1 N:02_0_R Comdty,2020-09-07,13.47162
TFT1 N:02_0_R Comdty,2020-09-08,13.49181
TFT1 N:02_0_R Comdty,2020-09-09,13.55721
TFT1 N:02_0_R Comdty,2020-09-10,13.57435
TFT1 N:02_0_R Comdty,2020-09-11,13.51569
TFT1 N:02_0_R Comdty,2020-09-14,13.52434
TFT1 N:02_0_R Comdty,2020-09-15,13.63421
TFT1 N:02_0_R Comdty,2020-09-16,13.68683
TFT1 N:02_0_R Comdty,2020-09-17,13.65189
TFT1 N:02_0_R Comdty,2020-09-18,13.63333
TFT1 N:02_0_R Comdty,2020-09-21,13.61319
TFT1 N:02_0_R Comdty,2020-09-22,13.70623
TFT1 N:02_0_R Comdty,2020-09-23,13.62825
TFT1 N:02_0_R Comdty,2020-09-24,13.5843
TFT1 N:02_0_R Comdty,2020-09-25,13.56503
TFT1 N:02_0_R Comdty,2020-09-28,13.60515
TFT1 N:02_0_R Comdty,2020-09-29,13.56671
TFT1 N:02_0_R Comdty,2020-09-30,13.58331
TFT1 N:02_0_R Comdty,2020-10-09,13.73925
TFT1 N:02_0_R Comdty,2020-10-12,13.65175
TFT1 N:02_0_R Comdty,2020-10-13,13.63816
TFT1 N:02_0_R Comdty,2020-10-14,13.68768
TFT1 N:02_0_R Comdty,2020-10-15,13.6583
TFT1 N:02_0_R Comdty,2020-10-16,13.72767
TFT1 N:02_0_R Comdty,2020-10-19,13.80283
TFT1 N:02_0_R Comdty,2020-10-20,13.8215
TFT1 N:02_0_R Comdty,2020-10-21,13.87136
TFT1 N:02_0_R Comdty,2020-10-22,13.84186
TFT1 N:02_0_R Comdty,2020-10-23,13.8239
TFT1 N:02_0_R Comdty,2020-10-26,13.77209
TFT1 N:02_0_R Comdty,2020-10-27,13.8163
TFT1 N:02_0_R Comdty,2020-10-28,13.75123
TFT1 N:02_0_R Comdty,2020-10-29,13.76936
TFT1 N:02_0_R Comdty,2020-10-30,13.83248
TFT1 N:02_0_R Comdty,2020-11-02,13.85317
TFT1 N:02_0_R Comdty,2020-11-03,13.88562
TFT1 N:02_0_R Comdty,2020-11-04,13.95122
TFT1 N:02_0_R Comdty,2020-11-05,14.03762
TFT1 N:02_0_R Comdty,2020-11-06,13.99654
TFT1 N:02_0_R Comdty,2020-11-09,13.92539
TFT1 N:02_0_R Comdty,2020-11-10,13.97126
TFT1 N:02_0_R Comdty,2020-11-11,13.9273
TFT1 N:02_0_R Comdty,2020-11-12,13.96034
TFT1 N:02_0_R Comdty,2020-11-13,13.93695
TFT1 N:02_0_R Comdty,2020-11-16,13.98718
TFT1 N:02_0_R Comdty,2020-11-17,14.02749
TFT1 N:02_0_R Comdty,2020-11-18,13.98485
TFT1 N:02_0_R Comdty,2020-11-19,13.92554
TFT1 N:02_0_R Comdty,2020-11-20,13.97615
TFT1 N:02_0_R Comdty,2020-11-23,13.95312
TFT1 N:02_0_R Comdty,2020-11-24,13.92144
TFT1 N:02_0_R Comdty,2020-11-25,13.96295
TFT1 N:02_0_R Comdty,2020-11-26,13.95439
TFT1 N:02_0_R Comdty,2020-11-27,13.9455
TFT1 N:02_0_R Comdty,2020-11-30,14.00188
TFT1 N:02_0_R Comdty,2020-12-01,13.98723
TFT1 N:02_0_R Comdty,2020-12-02,13.97471
TFT1 N:02_0_R Comdty,2020-12-03,14.01476
TFT1 N:02_0_R Comdty,2020-12-04,14.07439
TFT1 N:02_0_R Comdty,2020-12-07,14.06093
TFT1 N:02_0_R Comdty,2020-12-08,14.08899
TFT1 N:02_0_R Comdty,2020-12-09,14.05096
TFT1 N:02_0_R Comdty,2020-12-10,14.07129
TFT1 N:02_0_R Comdty,2020-12-11,14.01108
TFT1 N:02_0_R Comdty,2020-12-14,14.00295
TFT1 N:02_0_R Comdty,2020-12-15,14.04967
TFT1 N:02_0_R Comdty,2020-12-16,14.05375
TFT1 N:02_0_R Comdty,2020-12-17,14.03759
TFT1 N:02_0_R Comdty,2020-12-18,14.00582
TFT1 N:02_0_R Comdty,2020-12-21,14.01007
TFT1 N:02_0_R Comdty,2020-12-22,14.0782
TFT1 N:02_0_R Comdty,2020-12-23,14.09303
TFT1 N:02_0_R Comdty,2020-12-24,14.09879
TFT1 N:02_0_R Comdty,2020-12-25,14.10292
TFT1 N:02_0_R Comdty,2020-12-28,14.12677
TFT1 N:02_0_R Comdty,2020-12-29,14.16206
TFT1 N:02_0_R Comdty,2020-12-30,14.19693
TFT1 N:02_0_R Comdty,2020-12-31,14.15903
TFT1 N:02_0_R Comdty,2021-01-04,14.28329
TFT1 N:02_0_R Comdty,2021-01-05,14.33155
TFT1 N:02_0_R Comdty,2021-01-06,14.31596
TFT1 N:02_0_R Comdty,2021-01-07,14.29183
TFT1 N:02_0_R Comdty,2021-01-08,14.26095
TFT1 N:02_0_R Comdty,2021-01-11,14.23289
TFT1 N:02_0_R Comdty,2021-01-12,14.28303
TFT1 N:02_0_R Comdty,2021-01-13,14.30109
TFT1 N:02_0_R Comdty,2021-01-14,14.30976
TFT1 N:02_0_R Comdty,2021-01-15,14.25655
TFT1 N:02_0_R Comdty,2021-01-18,14.21807
TFT1 N:02_0_R Comdty,2021-01-19,14.25738
TFT1 N:02_0_R Comdty,2021-01-20,14.29152
TFT1 N:02_0_R Comdty,2021-01-21,14.32671
TFT1 N:02_0_R Comdty,2021-01-22,14.30725
TFT1 N:02_0_R Comdty,2021-01-25,14.32186
TFT1 N:02_0_R Comdty,2021-01-26,14.29409
TFT1 N:02_0_R Comdty,2021-01-27,14.2557
TFT1 N:02_0_R Comdty,2021-01-28,14.29254
TFT1 N:02_0_R Comdty,2021-01-29,14.33431
TFT1 N:02_0_R Comdty,2021-02-01,14.26821
TFT1 N:02_0_R Comdty,2021-02-02,14.27848
TFT1 N:02_0_R Comdty,2021-02-03,14.21941
TFT1 N:02_0_R Comdty,2021-02-04,14.16872
TFT1 N:02_0_R Comdty,2021-02-05,14.1826
TFT1 N:02_0_R Comdty,2021-02-08,14.22189
TFT1 N:02_0_R Comdty,2021-02-09,14.27181
TFT1 N:02_0_R Comdty,2021-02-10,14.18373
TFT1 N:02_0_R Comdty,2021-02-18,14.0754
TFT1 N:02_0_R Comdty,2021-02-19,14.17775
TFT1 N:02_0_R Comdty,2021-02-22,14.15415
TFT1 N:02_0_R Comdty,2021-02-23,14.15977
TFT1 N:02_0_R Comdty,2021-02-24,14.18097
TFT1 N:02_0_R Comdty,2021-02-25,14.17199
TFT1 N:02_0_R Comdty,2021-02-26,14.11494
TFT1 N:02_0_R Comdty,2021-03-01,14.16976
TFT1 N:02_0_R Comdty,2021-03-02,14.18885
TFT1 N:02_0_R Comdty,2021-03-03,14.18237
TFT1 N:02_0_R Comdty,2021-03-04,14.16392
TFT1 N:02_0_R Comdty,2021-03-05,14.137
TFT1 N:02_0_R Comdty,2021-03-08,14.09059
TFT1 N:02_0_R Comdty,2021-03-09,14.12462
TFT1 N:02_0_R Comdty,2021-03-10,14.13666
TFT1 N:02_0_R Comdty,2021-03-11,14.14369
TFT1 N:02_0_R Comdty,2021-03-12,14.08964
TFT1 N:02_0_R Comdty,2021-03-15,14.07851
TFT1 N:02_0_R Comdty,2021-03-16,14.08466
TFT1 N:02_0_R Comdty,2021-03-17,14.10041
TFT1 N:02_0_R Comdty,2021-03-18,14.08045
TFT1 N:02_0_R Comdty,2021-03-19,14.11451
TFT1 N:02_0_R Comdty,2021-03-22,14.12388
TFT1 N:02_0_R Comdty,2021-03-23,14.11882
TFT1 N:02_0_R Comdty,2021-03-24,14.14241
TFT1 N:02_0_R Comdty,2021-03-25,14.10132
TFT1 N:02_0_R Comdty,2021-03-26,14.09951
TFT1 N:02_0_R Comdty,2021-03-29,14.03439
TFT1 N:02_0_R Comdty,2021-03-30,14.02932
TFT1 N:02_0_R Comdty,2021-03-31,14.07773
TFT1 N:02_0_R Comdty,2021-04-01,14.03816
TFT1 N:02_0_R Comdty,2021-04-02,14.04008
TFT1 N:02_0_R Comdty,2021-04-06,14.08559
TFT1 N:02_0_R Comdty,2021-04-07,14.06249
TFT1 N:02_0_R Comdty,2021-04-08,14.03609
TFT1 N:02_0_R Comdty,2021-04-09,14.03937
TFT1 N:02_0_R Comdty,2021-04-12,14.08545
TFT1 N:02_0_R Comdty,2021-04-13,14.13715
TFT1 N:02_0_R Comdty,2021-04-14,14.17246
TFT1 N:02_0_R Comdty,2021-04-15,14.17577
TFT1 N:02_0_R Comdty,2021-04-16,14.18933
TFT1 N:02_0_R Comdty,2021-04-19,14.22436
TFT1 N:02_0_R Comdty,2021-04-20,14.24945
TFT1 N:02_0_R Comdty,2021-04-21,14.28262
TFT1 N:02_0_R Comdty,2021-04-22,14.27497
TFT1 N:02_0_R Comdty,2021-04-23,14.26419
TFT1 N:02_0_R Comdty,2021-04-26,14.2554
TFT1 N:02_0_R Comdty,2021-04-27,14.24681
TFT1 N:02_0_R Comdty,2021-04-28,14.26021
TFT1 N:02_0_R Comdty,2021-04-29,14.27812
TFT1 N:02_0_R Comdty,2021-04-30,14.31382
TFT1 N:02_0_R Comdty,2021-05-06,14.3553
TFT1 N:02_0_R Comdty,2021-05-07,14.40807
TFT1 N:02_0_R Comdty,2021-05-10,14.44461
TFT1 N:02_0_R Comdty,2021-05-11,14.44868
TFT1 N:02_0_R Comdty,2021-05-12,14.40174
TFT1 N:02_0_R Comdty,2021-05-13,14.40789
TFT1 N:02_0_R Comdty,2021-05-14,14.46256
TFT1 N:02_0_R Comdty,2021-05-17,14.4419
TFT1 N:02_0_R Comdty,2021-05-18,14.4676
TFT1 N:02_0_R Comdty,2021-05-19,14.48074
TFT1 N:02_0_R Comdty,2021-05-20,14.50156
TFT1 N:02_0_R Comdty,2021-05-21,14.54947
TFT1 N:02_0_R Comdty,2021-05-24,14.57122
TFT1 N:02_0_R Comdty,2021-05-25,14.57674
TFT1 N:02_0_R Comdty,2021-05-26,14.66138
TFT1 N:02_0_R Comdty,2021-05-27,14.65043
TFT1 N:02_0_R Comdty,2021-05-28,14.66219
TFT1 N:02_0_R Comdty,2021-05-31,14.68228
TFT1 N:02_0_R Comdty,2021-06-01,14.67579
TFT1 N:02_0_R Comdty,2021-06-02,14.64362
TFT1 N:02_0_R Comdty,2021-06-03,14.58875
TFT1 N:02_0_R Comdty,2021-06-04,14.56449
TFT1 N:02_0_R Comdty,2021-06-07,14.5279
TFT1 N:02_0_R Comdty,2021-06-08,14.52308
TFT1 N:02_0_R Comdty,2021-06-09,14.53902
TFT1 N:02_0_R Comdty,2021-06-10,14.5499
TFT1 N:02_0_R Comdty,2021-06-11,14.50547
TFT1 N:02_0_R Comdty,2021-06-15,14.5008
TFT1 N:02_0_R Comdty,2021-06-16,14.52213
TFT1 N:02_0_R Comdty,2021-06-17,14.3961
TFT1 N:02_0_R Comdty,2021-06-18,14.42684
TFT1 N:02_0_R Comdty,2021-06-21,14.4355
TFT1 N:02_0_R Comdty,2021-06-22,14.40263
TFT1 N:02_0_R Comdty,2021-06-23,14.42803
TFT1 N:02_0_R Comdty,2021-06-24,14.43485
TFT1 N:02_0_R Comdty,2021-06-25,14.46553
TFT1 N:02_0_R Comdty,2021-06-28,14.4497
TFT1 N:02_0_R Comdty,2021-06-29,14.44779
TFT1 N:02_0_R Comdty,2021-06-30,14.48242
TFT1 N:02_0_R Comdty,2021-07-01,14.43963
TFT1 N:02_0_R Comdty,2021-07-02,14.4434
TFT1 N:02_0_R Comdty,2021-07-05,14.4599
TFT1 N:02_0_R Comdty,2021-07-06,14.41418
TFT1 N:02_0_R Comdty,2021-07-07,14.47004
TFT1 N:02_0_R Comdty,2021-07-08,14.50326
TFT1 N:02_0_R Comdty,2021-07-09,14.51068
TFT1 N:02_0_R Comdty,2021-07-12,14.57557
TFT1 N:02_0_R Comdty,2021-07-13,14.60185
TFT1 N:02_0_R Comdty,2021-07-14,14.6362
TFT1 N:02_0_R Comdty,2021-07-15,14.59544
TFT1 N:02_0_R Comdty,2021-07-16,14.57108
TFT1 N:02_0_R Comdty,2021-07-19,14.54352
TFT1 N:02_0_R Comdty,2021-07-20,14.57783
TFT1 N:02_0_R Comdty,2021-07-21,14.63891
TFT1 N:02_0_R Comdty,2021-07-22,14.61665
TFT1 N:02_0_R Comdty,2021-07-23,14.61304
TFT1 N:02_0_R Comdty,2021-07-26,14.64777
TFT1 N:02_0_R Comdty,2021-07-27,14.56513
TFT1 N:02_0_R Comdty,2021-07-28,14.59678
TFT1 N:02_0_R Comdty,2021-07-29,14.69832
TFT1 N:02_0_R Comdty,2021-07-30,14.74186
TFT1 N:02_0_R Comdty,2021-08-02,14.76843
TFT1 N:02_0_R Comdty,2021-08-03,14.73333
TFT1 N:02_0_R Comdty,2021-08-04,14.73335
TFT1 N:02_0_R Comdty,2021-08-05,14.78009
TFT1 N:02_0_R Comdty,2021-08-06,14.72132
TFT1 N:02_0_R Comdty,2021-08-09,14.64133
TFT1 N:02_0_R Comdty,2021-08-10,14.64246
TFT1 N:02_0_R Comdty,2021-08-11,14.63492
TFT1 N:02_0_R Comdty,2021-08-12,14.66278
TFT1 N:02_0_R Comdty,2021-08-13,14.65287
TFT1 N:02_0_R Comdty,2021-08-16,14.64651
TFT1 N:02_0_R Comdty,2021-08-17,14.63716
TFT1 N:02_0_R Comdty,2021-08-18,14.69058
TFT1 N:02_0_R Comdty,2021-08-19,14.68141
TFT1 N:02_0_R Comdty,2021-08-20,14.65701
TFT1 N:02_0_R Comdty,2021-08-23,14.68515
TFT1 N:02_0_R Comdty,2021-08-24,14.71637
TFT1 N:02_0_R Comdty,2021-08-25,14.73498
TFT1 N:02_0_R Comdty,2021-08-26,14.67004
TFT1 N:02_0_R Comdty,2021-08-27,14.69959
TFT1 N:02_0_R Comdty,2021-08-30,14.73882
TFT1 N:02_0_R Comdty,2021-08-31,14.7378
TFT1 N:02_0_R Comdty,2021-09-01,14.79161
TFT1 N:02_0_R Comdty,2021-09-02,14.79499
TFT1 N:02_0_R Comdty,2021-09-03,14.7993
TFT1 N:02_0_R Comdty,2021-09-06,14.76337
TFT1 N:02_0_R Comdty,2021-09-07,14.71825
TFT1 N:02_0_R Comdty,2021-09-08,14.72817
TFT1 N:02_0_R Comdty,2021-09-09,14.73738
TFT1 N:02_0_R Comdty,2021-09-10,14.77015
TFT1 N:02_0_R Comdty,2021-09-13,14.71977
TFT1 N:02_0_R Comdty,2021-09-14,14.74181
TFT1 N:02_0_R Comdty,2021-09-15,14.74098
TFT1 N:02_0_R Comdty,2021-09-16,14.69254
TFT1 N:02_0_R Comdty,2021-09-17,14.69605
TFT1 N:02_0_R Comdty,2021-09-22,14.7327
TFT1 N:02_0_R Comdty,2021-09-23,14.76036
TFT1 N:02_0_R Comdty,2021-09-24,14.71939
TFT1 N:02_0_R Comdty,2021-09-27,14.7217
TFT1 N:02_0_R Comdty,2021-09-28,14.70261
TFT1 N:02_0_R Comdty,2021-09-29,14.70672
TFT1 N:02_0_R Comdty,2021-09-30,14.7631
TFT1 N:02_0_R Comdty,2021-10-08,14.7107
TFT1 N:02_0_R Comdty,2021-10-11,14.63761
TFT1 N:02_0_R Comdty,2021-10-12,14.62868
TFT1 N:02_0_R Comdty,2021-10-13,14.68297
TFT1 N:02_0_R Comdty,2021-10-14,14.67029
TFT1 N:02_0_R Comdty,2021-10-15,14.67964
TFT1 N:02_0_R Comdty,2021-10-18,14.61733
TFT1 N:02_0_R Comdty,2021-10-19,14.757
TFT1 N:02_0_R Comdty,2021-10-20,14.73373
TFT1 N:02_0_R Comdty,2021-10-21,14.76679
TFT1 N:02_0_R Comdty,2021-10-22,14.7783
TFT1 N:02_0_R Comdty,2021-10-25,14.76452
TFT1 N:02_0_R Comdty,2021-10-26,14.79268
TFT1 N:02_0_R Comdty,2021-10-27,14.77162
TFT1 N:02_0_R Comdty,2021-10-28,14.79238
TFT1 N:02_0_R Comdty,2021-10-29,14.74787
TFT1 N:02_0_R Comdty,2021-11-01,14.80851
TFT1 N:02_0_R Comdty,2021-11-02,14.83742
TFT1 N:02_0_R Comdty,2021-11-03,14.81767
TFT1 N:02_0_R Comdty,2021-11-04,14.84912
TFT1 N:02_0_R Comdty,2021-11-05,14.89504
TFT1 N:02_0_R Comdty,2021-11-08,14.908
TFT1 N:02_0_R Comdty,2021-11-09,14.91298
TFT1 N:02_0_R Comdty,2021-11-10,14.91412
TFT1 N:02_0_R Comdty,2021-11-11,14.87876
TFT1 N:02_0_R Comdty,2021-11-12,14.90404
TFT1 N:02_0_R Comdty,2021-11-15,14.92744
TFT1 N:02_0_R Comdty,2021-11-16,14.90604
TFT1 N:02_0_R Comdty,2021-11-17,14.92719
TFT1 N:02_0_R Comdty,2021-11-18,14.92937
TFT1 N:02_0_R Comdty,2021-11-19,14.88379
TFT1 N:02_0_R Comdty,2021-11-22,14.91954
TFT1 N:02_0_R Comdty,2021-11-23,14.90591
TFT1 N:02_0_R Comdty,2021-11-24,14.93328
TFT1 N:02_0_R Comdty,2021-11-25,14.9612
TFT1 N:02_0_R Comdty,2021-11-26,14.97662
TFT1 N:02_0_R Comdty,2021-11-29,14.97688
TFT1 N:02_0_R Comdty,2021-11-30,15.02194
TFT1 N:02_0_R Comdty,2021-12-01,14.99751
TFT1 N:02_0_R Comdty,2021-12-02,14.95716
TFT1 N:02_0_R Comdty,2021-12-03,14.93416
TFT1 N:02_0_R Comdty,2021-12-06,14.99638
TFT1 N:02_0_R Comdty,2021-12-07,14.9758
TFT1 N:02_0_R Comdty,2021-12-08,15.01723
TFT1 N:02_0_R Comdty,2021-12-09,14.95229
TFT1 N:02_0_R Comdty,2021-12-10,14.99787
TFT1 N:02_0_R Comdty,2021-12-13,14.98394
TFT1 N:02_0_R Comdty,2021-12-14,15.02073
TFT1 N:02_0_R Comdty,2021-12-15,15.01778
TFT1 N:02_0_R Comdty,2021-12-16,14.98613
TFT1 N:02_0_R Comdty,2021-12-17,14.99715
TFT1 N:02_0_R Comdty,2021-12-20,14.98521
TFT1 N:02_0_R Comdty,2021-12-21,14.99668
TFT1 N:02_0_R Comdty,2021-12-22,15.03784
TFT1 N:02_0_R Comdty,2021-12-23,15.06464
TFT1 N:02_0_R Comdty,2021-12-24,15.05429
TFT1 N:02_0_R Comdty,2021-12-27,15.06499
TFT1 N:02_0_R Comdty,2021-12-28,15.07592
TFT1 N:02_0_R Comdty,2021-12-29,15.0878
TFT1 N:02_0_R Comdty,2021-12-30,15.11024
TFT1 N:02_0_R Comdty,2021-12-31,15.14112
TFT1 N:02_0_R Comdty,2022-01-04,15.09217
TFT1 N:02_0_R Comdty,2022-01-05,15.09705
TFT1 N:02_0_R Comdty,2022-01-06,15.02194
TFT1 N:02_0_R Comdty,2022-01-07,15.03494
TFT1 N:02_0_R Comdty,2022-01-10,15.06568
TFT1 N:02_0_R Comdty,2022-01-11,15.08736
TFT1 N:02_0_R Comdty,2022-01-12,15.11687
TFT1 N:02_0_R Comdty,2022-01-13,15.12006
TFT1 N:02_0_R Comdty,2022-01-14,15.13696
TFT1 N:02_0_R Comdty,2022-01-17,15.15572
TFT1 N:02_0_R Comdty,2022-01-18,15.18835
TFT1 N:02_0_R Comdty,2022-01-19,15.24339
TFT1 N:02_0_R Comdty,2022-01-20,15.24246
TFT1 N:02_0_R Comdty,2022-01-21,15.26908
TFT1 N:02_0_R Comdty,2022-01-24,15.31403
TFT1 N:02_0_R Comdty,2022-01-25,15.31936
TFT1 N:02_0_R Comdty,2022-01-26,15.2957
TFT1 N:02_0_R Comdty,2022-01-27,15.16836
TFT1 N:02_0_R Comdty,2022-01-28,15.21132
TFT1 N:02_0_R Comdty,2022-02-07,15.19467
TFT1 N:02_0_R Comdty,2022-02-08,15.18291
TFT1 N:02_0_R Comdty,2022-02-09,15.1757
TFT1 N:02_0_R Comdty,2022-02-10,15.19624
TFT1 N:02_0_R Comdty,2022-02-11,15.12666
TFT1 N:02_0_R Comdty,2022-02-14,15.10647
TFT1 N:02_0_R Comdty,2022-02-15,15.15714
TFT1 N:02_0_R Comdty,2022-02-16,15.16216
TFT1 N:02_0_R Comdty,2022-02-17,15.18415
TFT1 N:02_0_R Comdty,2022-02-18,15.19299
TFT1 N:02_0_R Comdty,2022-02-21,15.13731
TFT1 N:02_0_R Comdty,2022-02-22,15.141
TFT1 N:02_0_R Comdty,2022-02-23,15.19852
TFT1 N:02_0_R Comdty,2022-02-24,15.17982
TFT1 N:02_0_R Comdty,2022-02-25,15.22277
TFT1 N:02_0_R Comdty,2022-02-28,15.25292
TFT1 N:02_0_R Comdty,2022-03-01,15.21688
TFT1 N:02_0_R Comdty,2022-03-02,15.17485
TFT1 N:02_0_R Comdty,2022-03-03,15.15713
TFT1 N:02_0_R Comdty,2022-03-04,15.17667
TFT1 N:02_0_R Comdty,2022-03-07,15.18766
TFT1 N:02_0_R Comdty,2022-03-08,15.20353
TFT1 N:02_0_R Comdty,2022-03-09,15.16739
TFT1 N:02_0_R Comdty,2022-03-10,15.14975
TFT1 N:02_0_R Comdty,2022-03-11,15.16648
TFT1 N:02_0_R Comdty,2022-03-14,15.19188
TFT1 N:02_0_R Comdty,2022-03-15,15.11534
TFT1 N:02_0_R Comdty,2022-03-16,15.17763
TFT1 N:02_0_R Comdty,2022-03-17,15.19198
TFT1 N:02_0_R Comdty,2022-03-18,15.18299
TFT1 N:02_0_R Comdty,2022-03-21,15.17146
TFT1 N:02_0_R Comdty,2022-03-22,15.10291
TFT1 N:02_0_R Comdty,2022-03-23,15.10202
TFT1 N:02_0_R Comdty,2022-03-24,15.1333
TFT1 N:02_0_R Comdty,2022-03-25,15.15145
TFT1 N:02_0_R Comdty,2022-03-28,15.14019
TFT1 N:02_0_R Comdty,2022-03-29,15.16074
TFT1 N:02_0_R Comdty,2022-03-30,15.23496
TFT1 N:02_0_R Comdty,2022-03-31,15.21785
TFT1 N:02_0_R Comdty,2022-04-01,15.18875
TFT1 N:02_0_R Comdty,2022-04-06,15.20573
TFT1 N:02_0_R Comdty,2022-04-07,15.23022
TFT1 N:02_0_R Comdty,2022-04-08,15.21393
TFT1 N:02_0_R Comdty,2022-04-11,15.1771
TFT1 N:02_0_R Comdty,2022-04-12,15.16773
TFT1 N:02_0_R Comdty,2022-04-13,15.18441
TFT1 N:02_0_R Comdty,2022-04-14,15.17368
TFT1 N:02_0_R Comdty,2022-04-15,15.18107
TFT1 N:02_0_R Comdty,2022-04-18,15.12667
TFT1 N:02_0_R Comdty,2022-04-19,15.05369
TFT1 N:02_0_R Comdty,2022-04-20,14.99342
TFT1 N:02_0_R Comdty,2022-04-21,14.93212
TFT1 N:02_0_R Comdty,2022-04-22,14.79055
TFT1 N:02_0_R Comdty,2022-04-25,14.69002
TFT1 N:02_0_R Comdty,2022-04-26,14.69387
TFT1 N:02_0_R Comdty,2022-04-27,14.6732
TFT1 N:02_0_R Comdty,2022-04-28,14.5106
TFT1 N:02_0_R Comdty,2022-04-29,14.58065
TFT1 N:02_0_R Comdty,2022-05-05,14.49869
TFT1 N:02_0_R Comdty,2022-05-06,14.48003
TFT1 N:02_0_R Comdty,2022-05-09,14.35498
TFT1 N:02_0_R Comdty,2022-05-10,14.3645
TFT1 N:02_0_R Comdty,2022-05-11,14.36798
TFT1 N:02_0_R Comdty,2022-05-12,14.25528
TFT1 N:02_0_R Comdty,2022-05-13,14.24119
TFT1 N:02_0_R Comdty,2022-05-16,14.24204
TFT1 N:02_0_R Comdty,2022-05-17,14.35454
TFT1 N:02_0_R Comdty,2022-05-18,14.32943
TFT1 N:02_0_R Comdty,2022-05-19,14.41988
TFT1 N:02_0_R Comdty,2022-05-20,14.45902
TFT1 N:02_0_R Comdty,2022-05-23,14.58113
TFT1 N:02_0_R Comdty,2022-05-24,14.58175
TFT1 N:02_0_R Comdty,2022-05-25,14.51866
TFT1 N:02_0_R Comdty,2022-05-26,14.4639
TFT1 N:02_0_R Comdty,2022-05-27,14.55205
TFT1 N:02_0_R Comdty,2022-05-30,14.61127
TFT1 N:02_0_R Comdty,2022-05-31,14.56113
TFT1 N:02_0_R Comdty,2022-06-01,14.52833
TFT1 N:02_0_R Comdty,2022-06-02,14.57978
TFT1 N:02_0_R Comdty,2022-06-06,14.57842
TFT1 N:02_0_R Comdty,2022-06-07,14.55604
TFT1 N:02_0_R Comdty,2022-06-08,14.5278
TFT1 N:02_0_R Comdty,2022-06-09,14.52748
TFT1 N:02_0_R Comdty,2022-06-10,14.47806
TFT1 N:02_0_R Comdty,2022-06-13,14.37337
TFT1 N:02_0_R Comdty,2022-06-14,14.39535
TFT1 N:02_0_R Comdty,2022-06-15,14.43653
TFT1 N:02_0_R Comdty,2022-06-16,14.46996
TFT1 N:02_0_R Comdty,2022-06-17,14.4588
TFT1 N:02_0_R Comdty,2022-06-20,14.48434
TFT1 N:02_0_R Comdty,2022-06-21,14.48578
TFT1 N:02_0_R Comdty,2022-06-22,14.4711
TFT1 N:02_0_R Comdty,2022-06-23,14.47837
TFT1 N:02_0_R Comdty,2022-06-24,14.47479
TFT1 N:02_0_R Comdty,2022-06-27,14.42081
TFT1 N:02_0_R Comdty,2022-06-28,14.37351
TFT1 N:02_0_R Comdty,2022-06-29,14.40628
TFT1 N:02_0_R Comdty,2022-06-30,14.43715
TFT1 N:02_0_R Comdty,2022-07-01,14.43241
TFT1 N:02_0_R Comdty,2022-07-04,14.39104
TFT1 N:02_0_R Comdty,2022-07-05,14.3672
TFT1 N:02_0_R Comdty,2022-07-06,14.41626
TFT1 N:02_0_R Comdty,2022-07-07,14.43175
TFT1 N:02_0_R Comdty,2022-07-08,14.43862
TFT1 N:02_0_R Comdty,2022-07-11,14.42505
TFT1 N:02_0_R Comdty,2022-07-12,14.42462
TFT1 N:02_0_R Comdty,2022-07-13,14.44801
TFT1 N:02_0_R Comdty,2022-07-14,14.38736
TFT1 N:02_0_R Comdty,2022-07-15,14.39862
TFT1 N:02_0_R Comdty,2022-07-18,14.42543
TFT1 N:02_0_R Comdty,2022-07-19,14.4197
TFT1 N:02_0_R Comdty,2022-07-20,14.41449
TFT1 N:02_0_R Comdty,2022-07-21,14.4125
TFT1 N:02_0_R Comdty,2022-07-22,14.43656
TFT1 N:02_0_R Comdty,2022-07-25,14.44121
TFT1 N:02_0_R Comdty,2022-07-26,14.43176
TFT1 N:02_0_R Comdty,2022-07-27,14.43414
TFT1 N:02_0_R Comdty,2022-07-28,14.43408
TFT1 N:02_0_R Comdty,2022-07-29,14.49457
TFT1 N:02_0_R Comdty,2022-08-01,14.47255
TFT1 N:02_0_R Comdty,2022-08-02,14.51178
TFT1 N:02_0_R Comdty,2022-08-03,14.50784
TFT1 N:02_0_R Comdty,2022-08-04,14.52224
TFT1 N:02_0_R Comdty,2022-08-05,14.47945
TFT1 N:02_0_R Comdty,2022-08-08,14.49451
TFT1 N:02_0_R Comdty,2022-08-09,14.48915
TFT1 N:02_0_R Comdty,2022-08-10,14.56221
TFT1 N:02_0_R Comdty,2022-08-11,14.52404
TFT1 N:02_0_R Comdty,2022-08-12,14.5219
TFT1 N:02_0_R Comdty,2022-08-15,14.55176
TFT1 N:02_0_R Comdty,2022-08-16,14.53784
TFT1 N:02_0_R Comdty,2022-08-17,14.54807
TFT1 N:02_0_R Comdty,2022-08-18,14.55139
TFT1 N:02_0_R Comdty,2022-08-19,14.4865
TFT1 N:02_0_R Comdty,2022-08-22,14.43166
TFT1 N:02_0_R Comdty,2022-08-23,14.45054
TFT1 N:02_0_R Comdty,2022-08-24,14.40718
TFT1 N:02_0_R Comdty,2022-08-25,14.40131
TFT1 N:02_0_R Comdty,2022-08-26,14.35275
TFT1 N:02_0_R Comdty,2022-08-29,14.28407
TFT1 N:02_0_R Comdty,2022-08-30,14.29689
TFT1 N:02_0_R Comdty,2022-08-31,14.34699
TFT1 N:02_0_R Comdty,2022-09-01,14.32511
TFT1 N:02_0_R Comdty,2022-09-02,14.33754
TFT1 N:02_0_R Comdty,2022-09-05,14.2807
TFT1 N:02_0_R Comdty,2022-09-06,14.23819
TFT1 N:02_0_R Comdty,2022-09-07,14.20905
TFT1 N:02_0_R Comdty,2022-09-08,14.2174
TFT1 N:02_0_R Comdty,2022-09-09,14.25733
TFT1 N:02_0_R Comdty,2022-09-13,14.24044
TFT1 N:02_0_R Comdty,2022-09-14,14.17455
TFT1 N:02_0_R Comdty,2022-09-15,14.10509
TFT1 N:02_0_R Comdty,2022-09-16,14.11366
TFT1 N:02_0_R Comdty,2022-09-19,14.08415
TFT1 N:02_0_R Comdty,2022-09-20,14.07778
TFT1 N:02_0_R Comdty,2022-09-21,14.0203
TFT1 N:02_0_R Comdty,2022-09-22,13.96228
TFT1 N:02_0_R Comdty,2022-09-23,13.8337
TFT1 N:02_0_R Comdty,2022-09-26,13.77824
TFT1 N:02_0_R Comdty,2022-09-27,13.70578
TFT1 N:02_0_R Comdty,2022-09-28,13.64446
TFT1 N:02_0_R Comdty,2022-09-29,13.75965
TFT1 N:02_0_R Comdty,2022-09-30,13.76972
TFT1 N:02_0_R Comdty,2022-10-10,13.72754
TFT1 N:02_0_R Comdty,2022-10-11,13.70227
TFT1 N:02_0_R Comdty,2022-10-12,13.71845
TFT1 N:02_0_R Comdty,2022-10-13,13.7381
TFT1 N:02_0_R Comdty,2022-10-14,13.72396
TFT1 N:02_0_R Comdty,2022-10-17,13.71565
TFT1 N:02_0_R Comdty,2022-10-18,13.70867
TFT1 N:02_0_R Comdty,2022-10-19,13.66129
TFT1 N:02_0_R Comdty,2022-10-20,13.65983
TFT1 N:02_0_R Comdty,2022-10-21,13.62403
TFT1 N:02_0_R Comdty,2022-10-24,13.58739
TFT1 N:02_0_R Comdty,2022-10-25,13.55798
TFT1 N:02_0_R Comdty,2022-10-26,13.76398
TFT1 N:02_0_R Comdty,2022-10-27,13.68161
TFT1 N:02_0_R Comdty,2022-10-28,13.65474
TFT1 N:02_0_R Comdty,2022-10-31,13.5706
TFT1 N:02_0_R Comdty,2022-11-01,13.59512
TFT1 N:02_0_R Comdty,2022-11-02,13.56245
TFT1 N:02_0_R Comdty,2022-11-03,13.54709
TFT1 N:02_0_R Comdty,2022-11-04,13.73945
TFT1 N:02_0_R Comdty,2022-11-07,13.66492
TFT1 N:02_0_R Comdty,2022-11-08,13.67568
TFT1 N:02_0_R Comdty,2022-11-09,13.66211
TFT1 N:02_0_R Comdty,2022-11-10,13.75981
TFT1 N:02_0_R Comdty,2022-11-11,13.87374
TFT1 N:02_0_R Comdty,2022-11-14,13.85005
TFT1 N:02_0_R Comdty,2022-11-15,13.89971
TFT1 N:02_0_R Comdty,2022-11-16,13.75671
TFT1 N:02_0_R Comdty,2022-11-17,13.68775
TFT1 N:02_0_R Comdty,2022-11-18,13.74439
TFT1 N:02_0_R Comdty,2022-11-21,13.68887
TFT1 N:02_0_R Comdty,2022-11-22,13.74049
TFT1 N:02_0_R Comdty,2022-11-23,13.72068
TFT1 N:02_0_R Comdty,2022-11-24,13.76218
TFT1 N:02_0_R Comdty,2022-11-25,13.70051
TFT1 N:02_0_R Comdty,2022-11-28,13.60328
TFT1 N:02_0_R Comdty,2022-11-29,13.64339
TFT1 N:02_0_R Comdty,2022-11-30,13.78788
TFT1 N:02_0_R Comdty,2022-12-01,13.89104
TFT1 N:02_0_R Comdty,2022-12-02,13.91294
TFT1 N:02_0_R Comdty,2022-12-05,14.07799
TFT1 N:02_0_R Comdty,2022-12-06,13.9924
TFT1 N:02_0_R Comdty,2022-12-07,14.04817
TFT1 N:02_0_R Comdty,2022-12-08,14.09225
TFT1 N:02_0_R Comdty,2022-12-09,14.09846
TFT1 N:02_0_R Comdty,2022-12-12,14.05896
TFT1 N:02_0_R Comdty,2022-12-13,14.09628
TFT1 N:02_0_R Comdty,2022-12-14,14.16839
TFT1 N:02_0_R Comdty,2022-12-15,14.10331
TFT1 N:02_0_R Comdty,2022-12-16,14.10925
TFT1 N:02_0_R Comdty,2022-12-19,14.1224
TFT1 N:02_0_R Comdty,2022-12-20,14.15074
TFT1 N:02_0_R Comdty,2022-12-21,14.12943
TFT1 N:02_0_R Comdty,2022-12-22,14.12849
TFT1 N:02_0_R Comdty,2022-12-23,14.1389
TFT1 N:02_0_R Comdty,2022-12-26,14.15971
TFT1 N:02_0_R Comdty,2022-12-27,14.1346
TFT1 N:02_0_R Comdty,2022-12-28,14.10104
TFT1 N:02_0_R Comdty,2022-12-29,14.15928
TFT1 N:02_0_R Comdty,2022-12-30,14.29841
TFT1 N:02_0_R Comdty,2023-01-03,14.27384
TFT1 N:02_0_R Comdty,2023-01-04,14.35524
TFT1 N:02_0_R Comdty,2023-01-05,14.36329
TFT1 N:02_0_R Comdty,2023-01-06,14.45101
TFT1 N:02_0_R Comdty,2023-01-09,14.57551
TFT1 N:02_0_R Comdty,2023-01-10,14.53218
TFT1 N:02_0_R Comdty,2023-01-11,14.56926
TFT1 N:02_0_R Comdty,2023-01-12,14.65333
TFT1 N:02_0_R Comdty,2023-01-13,14.69508
TFT1 N:02_0_R Comdty,2023-01-16,14.57271
TFT1 N:02_0_R Comdty,2023-01-17,14.50365
TFT1 N:02_0_R Comdty,2023-01-18,14.53371
TFT1 N:02_0_R Comdty,2023-01-19,14.49284
TFT1 N:02_0_R Comdty,2023-01-20,14.46551
TFT1 N:02_0_R Comdty,2023-01-30,14.57615
TFT1 N:02_0_R Comdty,2023-01-31,14.59371
TFT1 N:02_0_R Comdty,2023-02-01,14.61455
TFT1 N:02_0_R Comdty,2023-02-02,14.66372
TFT1 N:02_0_R Comdty,2023-02-03,14.5603
TFT1 N:02_0_R Comdty,2023-02-06,14.52698
TFT1 N:02_0_R Comdty,2023-02-07,14.5828
TFT1 N:02_0_R Comdty,2023-02-08,14.54968
TFT1 N:02_0_R Comdty,2023-02-09,14.58435
TFT1 N:02_0_R Comdty,2023-02-10,14.50788
TFT1 N:02_0_R Comdty,2023-02-13,14.50323
TFT1 N:02_0_R Comdty,2023-02-14,14.49114
TFT1 N:02_0_R Comdty,2023-02-15,14.4333
TFT1 N:02_0_R Comdty,2023-02-16,14.4459
TFT1 N:02_0_R Comdty,2023-02-17,14.41653
TFT1 N:02_0_R Comdty,2023-02-20,14.4135
TFT1 N:02_0_R Comdty,2023-02-21,14.36765
TFT1 N:02_0_R Comdty,2023-02-22,14.34527
TFT1 N:02_0_R Comdty,2023-02-23,14.3145
TFT1 N:02_0_R Comdty,2023-02-24,14.22712
TFT1 N:02_0_R Comdty,2023-02-27,14.25974
TFT1 N:02_0_R Comdty,2023-02-28,14.28477
TFT1 N:02_0_R Comdty,2023-03-01,14.42643
TFT1 N:02_0_R Comdty,2023-03-02,14.3163
TFT1 N:02_0_R Comdty,2023-03-03,14.3386
TFT1 N:02_0_R Comdty,2023-03-06,14.30679
TFT1 N:02_0_R Comdty,2023-03-07,14.25138
TFT1 N:02_0_R Comdty,2023-03-08,14.27438
TFT1 N:02_0_R Comdty,2023-03-09,14.26402
TFT1 N:02_0_R Comdty,2023-03-10,14.37952
TFT1 N:02_0_R Comdty,2023-03-13,14.50772
TFT1 N:02_0_R Comdty,2023-03-14,14.47078
TFT1 N:02_0_R Comdty,2023-03-15,14.39255
TFT1 N:02_0_R Comdty,2023-03-16,14.43625
TFT1 N:02_0_R Comdty,2023-03-17,14.46641
TFT1 N:02_0_R Comdty,2023-03-20,14.48826
TFT1 N:02_0_R Comdty,2023-03-21,14.46258
TFT1 N:02_0_R Comdty,2023-03-22,14.46762
TFT1 N:02_0_R Comdty,2023-03-23,14.58985
TFT1 N:02_0_R Comdty,2023-03-24,14.4683
TFT1 N:02_0_R Comdty,2023-03-27,14.47035
TFT1 N:02_0_R Comdty,2023-03-28,14.48809
TFT1 N:02_0_R Comdty,2023-03-29,14.45103
TFT1 N:02_0_R Comdty,2023-03-30,14.4857
TFT1 N:02_0_R Comdty,2023-03-31,14.49864
TFT1 N:02_0_R Comdty,2023-04-03,14.45949
TFT1 N:02_0_R Comdty,2023-04-04,14.45943
TFT1 N:02_0_R Comdty,2023-04-06,14.4762
TFT1 N:02_0_R Comdty,2023-04-07,14.51383
TFT1 N:02_0_R Comdty,2023-04-10,14.48523
TFT1 N:02_0_R Comdty,2023-04-11,14.50613
TFT1 N:02_0_R Comdty,2023-04-12,14.5441
TFT1 N:02_0_R Comdty,2023-04-13,14.54589
TFT1 N:02_0_R Comdty,2023-04-14,14.53253
TFT1 N:02_0_R Comdty,2023-04-17,14.4944
TFT1 N:02_0_R Comdty,2023-04-18,14.52014
TFT1 N:02_0_R Comdty,2023-04-19,14.5076
TFT1 N:02_0_R Comdty,2023-04-20,14.52878
TFT1 N:02_0_R Comdty,2023-04-21,14.51533
TFT1 N:02_0_R Comdty,2023-04-24,14.51394
TFT1 N:02_0_R Comdty,2023-04-25,14.43681
TFT1 N:02_0_R Comdty,2023-04-26,14.46247
TFT1 N:02_0_R Comdty,2023-04-27,14.504
TFT1 N:02_0_R Comdty,2023-04-28,14.52218
TFT1 N:02_0_R Comdty,2023-05-04,14.5563
TFT1 N:02_0_R Comdty,2023-05-05,14.5875
TFT1 N:02_0_R Comdty,2023-05-08,14.55586
TFT1 N:02_0_R Comdty,2023-05-09,14.55121
TFT1 N:02_0_R Comdty,2023-05-10,14.54537
TFT1 N:02_0_R Comdty,2023-05-11,14.52791
TFT1 N:02_0_R Comdty,2023-05-12,14.49567
TFT1 N:02_0_R Comdty,2023-05-15,14.50138
TFT1 N:02_0_R Comdty,2023-05-16,14.45389
TFT1 N:02_0_R Comdty,2023-05-17,14.4005
TFT1 N:02_0_R Comdty,2023-05-18,14.31563
TFT1 N:02_0_R Comdty,2023-05-19,14.38267
TFT1 N:02_0_R Comdty,2023-05-22,14.3429
TFT1 N:02_0_R Comdty,2023-05-23,14.3253
TFT1 N:02_0_R Comdty,2023-05-24,14.3145
TFT1 N:02_0_R Comdty,2023-05-25,14.27513
TFT1 N:02_0_R Comdty,2023-05-26,14.28909
TFT1 N:02_0_R Comdty,2023-05-29,14.27945
TFT1 N:02_0_R Comdty,2023-05-30,14.26261
TFT1 N:02_0_R Comdty,2023-05-31,14.20062
TFT1 N:02_0_R Comdty,2023-06-01,14.25151
TFT1 N:02_0_R Comdty,2023-06-02,14.2457
TFT1 N:02_0_R Comdty,2023-06-05,14.22969
TFT1 N:02_0_R Comdty,2023-06-06,14.21175
TFT1 N:02_0_R Comdty,2023-06-07,14.18561
TFT1 N:02_0_R Comdty,2023-06-08,14.22948
TFT1 N:02_0_R Comdty,2023-06-09,14.22687
TFT1 N:02_0_R Comdty,2023-06-12,14.19502
TFT1 N:02_0_R Comdty,2023-06-13,14.20651
TFT1 N:02_0_R Comdty,2023-06-14,14.23334
TFT1 N:02_0_R Comdty,2023-06-15,14.22478
TFT1 N:02_0_R Comdty,2023-06-16,14.18626
TFT1 N:02_0_R Comdty,2023-06-19,14.10503
TFT1 N:02_0_R Comdty,2023-06-20,14.08444
TFT1 N:02_0_R Comdty,2023-06-21,14.10362
TFT1 N:02_0_R Comdty,2023-06-26,13.99662
TFT1 N:02_0_R Comdty,2023-06-27,14.00983
TFT1 N:02_0_R Comdty,2023-06-28,13.98985
TFT1 N:02_0_R Comdty,2023-06-29,13.99068
TFT1 N:02_0_R Comdty,2023-06-30,13.9976
TFT1 N:02_0_R Comdty,2023-07-03,14.00953
TFT1 N:02_0_R Comdty,2023-07-04,14.04026
TFT1 N:02_0_R Comdty,2023-07-05,13.99367
TFT1 N:02_0_R Comdty,2023-07-06,13.99266
TFT1 N:02_0_R Comdty,2023-07-07,14.05425
TFT1 N:02_0_R Comdty,2023-07-10,14.04823
TFT1 N:02_0_R Comdty,2023-07-11,14.09614
TFT1 N:02_0_R Comdty,2023-07-12,14.18645
TFT1 N:02_0_R Comdty,2023-07-13,14.21235
TFT1 N:02_0_R Comdty,2023-07-14,14.22737
TFT1 N:02_0_R Comdty,2023-07-17,14.18135
TFT1 N:02_0_R Comdty,2023-07-18,14.16747
TFT1 N:02_0_R Comdty,2023-07-19,14.08373
TFT1 N:02_0_R Comdty,2023-07-20,14.17557
TFT1 N:02_0_R Comdty,2023-07-21,14.18095
TFT1 N:02_0_R Comdty,2023-07-24,14.19122
TFT1 N:02_0_R Comdty,2023-07-25,14.21392
TFT1 N:02_0_R Comdty,2023-07-26,14.20777
TFT1 N:02_0_R Comdty,2023-07-27,14.20364
TFT1 N:02_0_R Comdty,2023-07-28,14.21971
TFT1 N:02_0_R Comdty,2023-07-31,14.21393
TFT1 N:02_0_R Comdty,2023-08-01,14.15838
TFT1 N:02_0_R Comdty,2023-08-02,14.13302
TFT1 N:02_0_R Comdty,2023-08-03,14.20126
TFT1 N:02_0_R Comdty,2023-08-04,14.19909
TFT1 N:02_0_R Comdty,2023-08-07,14.16307
TFT1 N:02_0_R Comdty,2023-08-08,14.11798
TFT1 N:02_0_R Comdty,2023-08-09,14.13373
TFT1 N:02_0_R Comdty,2023-08-10,14.11
TFT1 N:02_0_R Comdty,2023-08-11,14.08045
TFT1 N:02_0_R Comdty,2023-08-14,14.06012
TFT1 N:02_0_R Comdty,2023-08-15,14.03625
TFT1 N:02_0_R Comdty,2023-08-16,14.02385
TFT1 N:02_0_R Comdty,2023-08-17,14.0387
TFT1 N:02_0_R Comdty,2023-08-18,14.05824
TFT1 N:02_0_R Comdty,2023-08-21,14.08588
TFT1 N:02_0_R Comdty,2023-08-22,14.05018
TFT1 N:02_0_R Comdty,2023-08-23,14.07851
TFT1 N:02_0_R Comdty,2023-08-24,14.07785
TFT1 N:02_0_R Comdty,2023-08-25,14.05215
TFT1 N:02_0_R Comdty,2023-08-28,14.03705
TFT1 N:02_0_R Comdty,2023-08-29,14.03752
TFT1 N:02_0_R Comdty,2023-08-30,14.04418
TFT1 N:02_0_R Comdty,2023-08-31,14.09633
TFT1 N:02_0_R Comdty,2023-09-01,14.04626
TFT1 N:02_0_R Comdty,2023-09-04,14.00303
TFT1 N:02_0_R Comdty,2023-09-05,13.95552
TFT1 N:02_0_R Comdty,2023-09-06,13.90323
TFT1 N:02_0_R Comdty,2023-09-07,13.86508
TFT1 N:02_0_R Comdty,2023-09-08,13.83967
TFT1 N:02_0_R Comdty,2023-09-11,13.95999
TFT1 N:02_0_R Comdty,2023-09-12,13.96053
TFT1 N:02_0_R Comdty,2023-09-13,14.0203
TFT1 N:02_0_R Comdty,2023-09-14,14.02187
TFT1 N:02_0_R Comdty,2023-09-15,13.9998
TFT1 N:02_0_R Comdty,2023-09-18,13.94705
TFT1 N:02_0_R Comdty,2023-09-19,13.93921
TFT1 N:02_0_R Comdty,2023-09-20,13.96593
TFT1 N:02_0_R Comdty,2023-09-21,13.94127
TFT1 N:02_0_R Comdty,2023-09-22,13.9282
TFT1 N:02_0_R Comdty,2023-09-25,13.88113
TFT1 N:02_0_R Comdty,2023-09-26,13.89785
TFT1 N:02_0_R Comdty,2023-09-27,13.90473
TFT1 N:02_0_R Comdty,2023-09-28,13.94902
TFT1 N:02_0_R Comdty,2023-10-09,13.96621
TFT1 N:02_0_R Comdty,2023-10-10,13.94628
TFT1 N:02_0_R Comdty,2023-10-11,13.90805
TFT1 N:02_0_R Comdty,2023-10-12,13.90717
TFT1 N:02_0_R Comdty,2023-10-13,13.922
TFT1 N:02_0_R Comdty,2023-10-16,13.91875
TFT1 N:02_0_R Comdty,2023-10-17,13.89549
TFT1 N:02_0_R Comdty,2023-10-18,13.8844
TFT1 N:02_0_R Comdty,2023-10-19,13.85445
TFT1 N:02_0_R Comdty,2023-10-20,13.86955
TFT1 N:02_0_R Comdty,2023-10-23,13.89287
TFT1 N:02_0_R Comdty,2023-10-24,13.87782
TFT1 N:02_0_R Comdty,2023-10-25,13.89875
TFT1 N:02_0_R Comdty,2023-10-26,13.90001
TFT1 N:02_0_R Comdty,2023-10-27,13.90149
TFT1 N:02_0_R Comdty,2023-10-30,13.91749
TFT1 N:02_0_R Comdty,2023-10-31,13.92947
TFT1 N:02_0_R Comdty,2023-11-01,13.92837
TFT1 N:02_0_R Comdty,2023-11-02,13.95554
TFT1 N:02_0_R Comdty,2023-11-03,14.00719
TFT1 N:02_0_R Comdty,2023-11-06,14.04361
TFT1 N:02_0_R Comdty,2023-11-07,14.01709
TFT1 N:02_0_R Comdty,2023-11-08,14.04438
TFT1 N:02_0_R Comdty,2023-11-09,14.02461
TFT1 N:02_0_R Comdty,2023-11-10,14.0185
TFT1 N:02_0_R Comdty,2023-11-13,14.02448
TFT1 N:02_0_R Comdty,2023-11-14,14.07308
TFT1 N:02_0_R Comdty,2023-11-15,14.08296
TFT1 N:02_0_R Comdty,2023-11-16,14.11077
TFT1 N:02_0_R Comdty,2023-11-17,14.17578
TFT1 N:02_0_R Comdty,2023-11-20,14.25772
TFT1 N:02_0_R Comdty,2023-11-21,14.30743
TFT1 N:02_0_R Comdty,2023-11-22,14.23697
TFT1 N:02_0_R Comdty,2023-11-23,14.24674
TFT1 N:02_0_R Comdty,2023-11-24,14.24235
TFT1 N:02_0_R Comdty,2023-11-27,14.22829
TFT1 N:02_0_R Comdty,2023-11-28,14.28081
TFT1 N:02_0_R Comdty,2023-11-29,14.30124
TFT1 N:02_0_R Comdty,2023-11-30,14.29963
TFT1 N:02_0_R Comdty,2023-12-01,14.31297
TFT1 N:02_0_R Comdty,2023-12-04,14.27271
TFT1 N:02_0_R Comdty,2023-12-05,14.27342
TFT1 N:02_0_R Comdty,2023-12-06,14.23962
TFT1 N:02_0_R Comdty,2023-12-07,14.27392
TFT1 N:02_0_R Comdty,2023-12-08,14.23322
TFT1 N:02_0_R Comdty,2023-12-11,14.2462
TFT1 N:02_0_R Comdty,2023-12-12,14.24411
TFT1 N:02_0_R Comdty,2023-12-13,14.2906
TFT1 N:02_0_R Comdty,2023-12-14,14.40606
TFT1 N:02_0_R Comdty,2023-12-15,14.39457
TFT1 N:02_0_R Comdty,2023-12-18,14.37467
TFT1 N:02_0_R Comdty,2023-12-19,14.40191
